provider,scope,geographic_resolution,location,country,period,water_flow,value,reported_unit,value_liters,value_qualifier,caveat,source_report_id,source_url,report_year
Amazon Web Services,AWS global data-centre fleet,global,AWS global data centres,,2025,withdrawal,2.5,billion US gal,9463529460.0,approximate,Not region- or workload-attributed; not Amazon corporate operations; Secondary source (Trellis) reporting Amazon's disclosure,aws_withdrawal_trellis_2025,https://trellis.net/article/behind-amazons-industry-leading-water-efficiency-score/,2025
Amazon Web Services,AWS global data-centre fleet,global,AWS global data-centre footprint,,2025,withdrawal,2.5,billion US gal,9463529460.0,approximate,Not region- or workload-attributed; not Amazon corporate operations; Fleet total; not regional or workload-attributed,aws_water_efficiency_page_2025,https://www.aboutamazon.com/news/sustainability/amazon-data-center-water-usage,2025
Amazon Web Services,AWS global data-centre fleet,global,"AWS global leased, owned, and shared data centres",,2025,withdrawal,9.4,billion L,9400000000.0,exact,Amazon corporate operations and offices; region- or workload-level attribution; Global fleet total; not regional or workload-attributed; withdrawal only (no consumption/discharge split),amazon_2025_sustainability_report,https://sustainability.aboutamazon.com/,2025
Google (Alphabet Inc.),Google data-centre location (2024),site,"Ashburn, VA",US,2024,withdrawal,59.5,million US gal,225232001.148,exact,,google_environmental_report_2025,https://sustainability.google/reports/google-2025-environmental-report/,2025
Google (Alphabet Inc.),Google data-centre location (2024),site,"Ashburn, VA",US,2024,discharge,3.5,million US gal,13248941.243999999,exact,,google_environmental_report_2025,https://sustainability.google/reports/google-2025-environmental-report/,2025
Google (Alphabet Inc.),Google data-centre location (2024),site,"Ashburn, VA",US,2024,consumption,56.0,million US gal,211983059.90399998,exact,,google_environmental_report_2025,https://sustainability.google/reports/google-2025-environmental-report/,2025
Google (Alphabet Inc.),Google data-centre location (2025),site,"Ashburn, VA",US,2025,withdrawal,76.5,million US gal,289584001.476,exact,,google_environmental_report_2026,https://sustainability.google/reports/google-2026-environmental-report/,2026
Google (Alphabet Inc.),Google data-centre location (2025),site,"Ashburn, VA",US,2025,discharge,23.3,million US gal,88200094.56719999,exact,,google_environmental_report_2026,https://sustainability.google/reports/google-2026-environmental-report/,2026
Google (Alphabet Inc.),Google data-centre location (2025),site,"Ashburn, VA",US,2025,consumption,53.2,million US gal,201383906.9088,exact,,google_environmental_report_2026,https://sustainability.google/reports/google-2026-environmental-report/,2026
Google (Alphabet Inc.),Google data-centre location (2024),site,"Berkeley County, SC",US,2024,withdrawal,853.8,million US gal,3231984581.1791997,exact,,google_environmental_report_2025,https://sustainability.google/reports/google-2025-environmental-report/,2025
Google (Alphabet Inc.),Google data-centre location (2024),site,"Berkeley County, SC",US,2024,discharge,77.3,million US gal,292612330.9032,exact,,google_environmental_report_2025,https://sustainability.google/reports/google-2025-environmental-report/,2025
Google (Alphabet Inc.),Google data-centre location (2024),site,"Berkeley County, SC",US,2024,consumption,776.5,million US gal,2939372250.276,exact,,google_environmental_report_2025,https://sustainability.google/reports/google-2025-environmental-report/,2025
Google (Alphabet Inc.),Google data-centre location (2025),site,"Berkeley County, SC",US,2025,withdrawal,988.5,million US gal,3741879548.4839997,exact,,google_environmental_report_2026,https://sustainability.google/reports/google-2026-environmental-report/,2026
Google (Alphabet Inc.),Google data-centre location (2025),site,"Berkeley County, SC",US,2025,discharge,86.8,million US gal,328573742.8512,exact,,google_environmental_report_2026,https://sustainability.google/reports/google-2026-environmental-report/,2026
Google (Alphabet Inc.),Google data-centre location (2025),site,"Berkeley County, SC",US,2025,consumption,901.7,million US gal,3413305805.6328,exact,,google_environmental_report_2026,https://sustainability.google/reports/google-2026-environmental-report/,2026
Google (Alphabet Inc.),Google data-centre location (2024),site,"Bristow, VA",US,2024,withdrawal,105.7,million US gal,400118025.5688,exact,,google_environmental_report_2025,https://sustainability.google/reports/google-2025-environmental-report/,2025
Google (Alphabet Inc.),Google data-centre location (2024),site,"Bristow, VA",US,2024,discharge,21.3,million US gal,80629270.9992,exact,,google_environmental_report_2025,https://sustainability.google/reports/google-2025-environmental-report/,2025
Google (Alphabet Inc.),Google data-centre location (2024),site,"Bristow, VA",US,2024,consumption,84.4,million US gal,319488754.5696,exact,,google_environmental_report_2025,https://sustainability.google/reports/google-2025-environmental-report/,2025
Google (Alphabet Inc.),Google data-centre location (2025),site,"Bristow, VA",US,2025,withdrawal,359.6,million US gal,1361234077.5263999,exact,,google_environmental_report_2026,https://sustainability.google/reports/google-2026-environmental-report/,2026
Google (Alphabet Inc.),Google data-centre location (2025),site,"Bristow, VA",US,2025,discharge,92.0,million US gal,348257884.12799996,exact,,google_environmental_report_2026,https://sustainability.google/reports/google-2026-environmental-report/,2026
Google (Alphabet Inc.),Google data-centre location (2025),site,"Bristow, VA",US,2025,consumption,267.6,million US gal,1012976193.3984001,exact,,google_environmental_report_2026,https://sustainability.google/reports/google-2026-environmental-report/,2026
Google (Alphabet Inc.),Google data-centre location (2024),site,"Council Bluffs, IA",US,2024,withdrawal,1410.3,million US gal,5338566238.9752,exact,,google_environmental_report_2025,https://sustainability.google/reports/google-2025-environmental-report/,2025
Google (Alphabet Inc.),Google data-centre location (2024),site,"Council Bluffs, IA",US,2024,discharge,400.1,million US gal,1514543254.7784,exact,,google_environmental_report_2025,https://sustainability.google/reports/google-2025-environmental-report/,2025
Google (Alphabet Inc.),Google data-centre location (2024),site,"Council Bluffs, IA",US,2024,consumption,1010.2,million US gal,3824022984.1967998,exact,,google_environmental_report_2025,https://sustainability.google/reports/google-2025-environmental-report/,2025
Google (Alphabet Inc.),Google data-centre location (2025),site,"Council Bluffs, IA",US,2025,withdrawal,1746.4,million US gal,6610843139.5776,exact,,google_environmental_report_2026,https://sustainability.google/reports/google-2026-environmental-report/,2026
Google (Alphabet Inc.),Google data-centre location (2025),site,"Council Bluffs, IA",US,2025,discharge,400.4,million US gal,1515678878.3136,exact,,google_environmental_report_2026,https://sustainability.google/reports/google-2026-environmental-report/,2026
Google (Alphabet Inc.),Google data-centre location (2025),site,"Council Bluffs, IA",US,2025,consumption,1346.0,million US gal,5095164261.264,exact,,google_environmental_report_2026,https://sustainability.google/reports/google-2026-environmental-report/,2026
Google (Alphabet Inc.),Google data centres,global,Data centers,,2024,withdrawal,9866,million US gal,37346872660.944,exact,Serves multiple Google products; not GCP-specific,google_environmental_report_2025,https://sustainability.google/reports/google-2025-environmental-report/,2025
Google (Alphabet Inc.),Google data centres,global,Data centers,,2024,discharge,2079,million US gal,7869871098.936,exact,Serves multiple Google products; not GCP-specific,google_environmental_report_2025,https://sustainability.google/reports/google-2025-environmental-report/,2025
Google (Alphabet Inc.),Google data centres,global,Data centers,,2024,consumption,7787,million US gal,29477001562.008,exact,Serves multiple Google products; not GCP-specific,google_environmental_report_2025,https://sustainability.google/reports/google-2025-environmental-report/,2025
Google (Alphabet Inc.),Google data centres,global,Data centers,,2025,withdrawal,13562,million US gal,51337754614.608,exact,Serves multiple Google products; not GCP-specific,google_environmental_report_2026,https://sustainability.google/reports/google-2026-environmental-report/,2026
Google (Alphabet Inc.),Google data centres,global,Data centers,,2025,discharge,3039,million US gal,11503866411.576,exact,Serves multiple Google products; not GCP-specific,google_environmental_report_2026,https://sustainability.google/reports/google-2026-environmental-report/,2026
Google (Alphabet Inc.),Google data centres,global,Data centers,,2025,consumption,10523,million US gal,39833888203.032,exact,Serves multiple Google products; not GCP-specific,google_environmental_report_2026,https://sustainability.google/reports/google-2026-environmental-report/,2026
Google (Alphabet Inc.),Google data-centre location (2024),site,"Douglas County, GA",US,2024,withdrawal,444.1,million US gal,1681101373.2744,exact,,google_environmental_report_2025,https://sustainability.google/reports/google-2025-environmental-report/,2025
Google (Alphabet Inc.),Google data-centre location (2024),site,"Douglas County, GA",US,2024,discharge,77.2,million US gal,292233789.7248,exact,,google_environmental_report_2025,https://sustainability.google/reports/google-2025-environmental-report/,2025
Google (Alphabet Inc.),Google data-centre location (2024),site,"Douglas County, GA",US,2024,consumption,366.9,million US gal,1388867583.5496,exact,,google_environmental_report_2025,https://sustainability.google/reports/google-2025-environmental-report/,2025
Google (Alphabet Inc.),Google data-centre location (2025),site,"Douglas County, GA",US,2025,withdrawal,440.6,million US gal,1667852432.0304,exact,,google_environmental_report_2026,https://sustainability.google/reports/google-2026-environmental-report/,2026
Google (Alphabet Inc.),Google data-centre location (2025),site,"Douglas County, GA",US,2025,discharge,73.5,million US gal,278227766.124,exact,,google_environmental_report_2026,https://sustainability.google/reports/google-2026-environmental-report/,2026
Google (Alphabet Inc.),Google data-centre location (2025),site,"Douglas County, GA",US,2025,consumption,367.1,million US gal,1389624665.9064,exact,,google_environmental_report_2026,https://sustainability.google/reports/google-2026-environmental-report/,2026
Google (Alphabet Inc.),Google data-centre location (2024),site,"Dublin, Ireland",IE,2024,withdrawal,0.9,million US gal,3406870.6056,exact,,google_environmental_report_2025,https://sustainability.google/reports/google-2025-environmental-report/,2025
Google (Alphabet Inc.),Google data-centre location (2024),site,"Dublin, Ireland",IE,2024,discharge,0.8,million US gal,3028329.4272,exact,,google_environmental_report_2025,https://sustainability.google/reports/google-2025-environmental-report/,2025
Google (Alphabet Inc.),Google data-centre location (2024),site,"Dublin, Ireland",IE,2024,consumption,0.1,million US gal,378541.1784,exact,,google_environmental_report_2025,https://sustainability.google/reports/google-2025-environmental-report/,2025
Google (Alphabet Inc.),Google data-centre location (2025),site,"Dublin, Ireland",IE,2025,withdrawal,0.5,million US gal,1892705.892,exact,,google_environmental_report_2026,https://sustainability.google/reports/google-2026-environmental-report/,2026
Google (Alphabet Inc.),Google data-centre location (2025),site,"Dublin, Ireland",IE,2025,discharge,0.4,million US gal,1514164.7136,exact,,google_environmental_report_2026,https://sustainability.google/reports/google-2026-environmental-report/,2026
Google (Alphabet Inc.),Google data-centre location (2025),site,"Dublin, Ireland",IE,2025,consumption,0.1,million US gal,378541.1784,exact,,google_environmental_report_2026,https://sustainability.google/reports/google-2026-environmental-report/,2026
Google (Alphabet Inc.),Google data-centre location (2024),site,"Eemshaven, Netherlands",NL,2024,withdrawal,416.9,million US gal,1578138172.7496,exact,,google_environmental_report_2025,https://sustainability.google/reports/google-2025-environmental-report/,2025
Google (Alphabet Inc.),Google data-centre location (2024),site,"Eemshaven, Netherlands",NL,2024,discharge,86.9,million US gal,328952284.02959996,exact,,google_environmental_report_2025,https://sustainability.google/reports/google-2025-environmental-report/,2025
Google (Alphabet Inc.),Google data-centre location (2024),site,"Eemshaven, Netherlands",NL,2024,consumption,330.0,million US gal,1249185888.72,exact,,google_environmental_report_2025,https://sustainability.google/reports/google-2025-environmental-report/,2025
Google (Alphabet Inc.),Google data-centre location (2025),site,"Eemshaven, Netherlands",NL,2025,withdrawal,532.2,million US gal,2014596151.4448001,exact,,google_environmental_report_2026,https://sustainability.google/reports/google-2026-environmental-report/,2026
Google (Alphabet Inc.),Google data-centre location (2025),site,"Eemshaven, Netherlands",NL,2025,discharge,126.5,million US gal,478854590.676,exact,,google_environmental_report_2026,https://sustainability.google/reports/google-2026-environmental-report/,2026
Google (Alphabet Inc.),Google data-centre location (2025),site,"Eemshaven, Netherlands",NL,2025,consumption,405.7,million US gal,1535741560.7688,exact,,google_environmental_report_2026,https://sustainability.google/reports/google-2026-environmental-report/,2026
Google (Alphabet Inc.),Google data-centre location (2024),site,"Frankfurt, Germany",DE,2024,withdrawal,2.3,million US gal,8706447.1032,exact,,google_environmental_report_2025,https://sustainability.google/reports/google-2025-environmental-report/,2025
Google (Alphabet Inc.),Google data-centre location (2024),site,"Frankfurt, Germany",DE,2024,discharge,1.8,million US gal,6813741.2112,exact,,google_environmental_report_2025,https://sustainability.google/reports/google-2025-environmental-report/,2025
Google (Alphabet Inc.),Google data-centre location (2024),site,"Frankfurt, Germany",DE,2024,consumption,0.5,million US gal,1892705.892,exact,,google_environmental_report_2025,https://sustainability.google/reports/google-2025-environmental-report/,2025
Google (Alphabet Inc.),Google data-centre location (2025),site,"Frankfurt, Germany",DE,2025,withdrawal,1.2,million US gal,4542494.1408,exact,,google_environmental_report_2026,https://sustainability.google/reports/google-2026-environmental-report/,2026
Google (Alphabet Inc.),Google data-centre location (2025),site,"Frankfurt, Germany",DE,2025,discharge,1.0,million US gal,3785411.784,exact,,google_environmental_report_2026,https://sustainability.google/reports/google-2026-environmental-report/,2026
Google (Alphabet Inc.),Google data-centre location (2025),site,"Frankfurt, Germany",DE,2025,consumption,0.2,million US gal,757082.3568,exact,,google_environmental_report_2026,https://sustainability.google/reports/google-2026-environmental-report/,2026
Google (Alphabet Inc.),Google data-centre location (2024),site,"Fredericia, Denmark",DK,2024,withdrawal,48.4,million US gal,183213930.3456,exact,,google_environmental_report_2025,https://sustainability.google/reports/google-2025-environmental-report/,2025
Google (Alphabet Inc.),Google data-centre location (2024),site,"Fredericia, Denmark",DK,2024,discharge,10.6,million US gal,40125364.910399996,exact,,google_environmental_report_2025,https://sustainability.google/reports/google-2025-environmental-report/,2025
Google (Alphabet Inc.),Google data-centre location (2024),site,"Fredericia, Denmark",DK,2024,consumption,37.8,million US gal,143088565.4352,exact,,google_environmental_report_2025,https://sustainability.google/reports/google-2025-environmental-report/,2025
Google (Alphabet Inc.),Google data-centre location (2025),site,"Fredericia, Denmark",DK,2025,withdrawal,88.8,million US gal,336144566.4192,exact,,google_environmental_report_2026,https://sustainability.google/reports/google-2026-environmental-report/,2026
Google (Alphabet Inc.),Google data-centre location (2025),site,"Fredericia, Denmark",DK,2025,discharge,17.0,million US gal,64352000.328,exact,,google_environmental_report_2026,https://sustainability.google/reports/google-2026-environmental-report/,2026
Google (Alphabet Inc.),Google data-centre location (2025),site,"Fredericia, Denmark",DK,2025,consumption,71.8,million US gal,271792566.0912,exact,,google_environmental_report_2026,https://sustainability.google/reports/google-2026-environmental-report/,2026
Google (Alphabet Inc.),Google direct operations (data centres + offices),global,Google direct operations,,2024,consumption,8.1,billion US gal,30661835450.399998,approximate,Not GCP- or workload-specific; Secondary source (GWPC summary of Google speaker material); Corroborates the 2026 report's +34% 2024->2025 growth,google_operations_water_gwpc_2024,https://www.gwpc.org/wp-content/uploads/2024/10/Eric-Olsen.pdf,2024
Google (Alphabet Inc.),Google data centres and offices,global,Google global operations (data centres + offices),,2020,withdrawal,5689,million US gal,21535207639.176,exact,Not GCP- or workload-specific,google_environmental_report_2025,https://sustainability.google/reports/google-2025-environmental-report/,2025
Google (Alphabet Inc.),Google data centres and offices,global,Google global operations (data centres + offices),,2020,discharge,1940,million US gal,7343698860.96,exact,Not GCP- or workload-specific,google_environmental_report_2025,https://sustainability.google/reports/google-2025-environmental-report/,2025
Google (Alphabet Inc.),Google data centres and offices,global,Google global operations (data centres + offices),,2020,consumption,3749,million US gal,14191508778.216,exact,Not GCP- or workload-specific,google_environmental_report_2025,https://sustainability.google/reports/google-2025-environmental-report/,2025
Google (Alphabet Inc.),Google data centres and offices,global,Google global operations (data centres + offices),,2021,withdrawal,6297,million US gal,23836738003.848,exact,Not GCP- or workload-specific,google_environmental_report_2026,https://sustainability.google/reports/google-2026-environmental-report/,2026
Google (Alphabet Inc.),Google data centres and offices,global,Google global operations (data centres + offices),,2021,discharge,1735,million US gal,6567689445.24,exact,Not GCP- or workload-specific,google_environmental_report_2026,https://sustainability.google/reports/google-2026-environmental-report/,2026
Google (Alphabet Inc.),Google data centres and offices,global,Google global operations (data centres + offices),,2021,consumption,4562,million US gal,17269048558.607998,exact,Not GCP- or workload-specific,google_environmental_report_2026,https://sustainability.google/reports/google-2026-environmental-report/,2026
Google (Alphabet Inc.),Google data centres and offices,global,Google global operations (data centres + offices),,2022,withdrawal,7600,million US gal,28769129558.399998,exact,Not GCP- or workload-specific,google_environmental_report_2026,https://sustainability.google/reports/google-2026-environmental-report/,2026
Google (Alphabet Inc.),Google data centres and offices,global,Google global operations (data centres + offices),,2022,discharge,2035,million US gal,7703312980.44,exact,Not GCP- or workload-specific,google_environmental_report_2026,https://sustainability.google/reports/google-2026-environmental-report/,2026
Google (Alphabet Inc.),Google data centres and offices,global,Google global operations (data centres + offices),,2022,consumption,5565,million US gal,21065816577.96,exact,Not GCP- or workload-specific,google_environmental_report_2026,https://sustainability.google/reports/google-2026-environmental-report/,2026
Google (Alphabet Inc.),Google data centres and offices,global,Google global operations (data centres + offices),,2023,withdrawal,8653,million US gal,32755168166.952,exact,Not GCP- or workload-specific,google_environmental_report_2026,https://sustainability.google/reports/google-2026-environmental-report/,2026
Google (Alphabet Inc.),Google data centres and offices,global,Google global operations (data centres + offices),,2023,discharge,2301,million US gal,8710232514.984,exact,Not GCP- or workload-specific,google_environmental_report_2026,https://sustainability.google/reports/google-2026-environmental-report/,2026
Google (Alphabet Inc.),Google data centres and offices,global,Google global operations (data centres + offices),,2023,consumption,6352,million US gal,24044935651.968,exact,Not GCP- or workload-specific,google_environmental_report_2026,https://sustainability.google/reports/google-2026-environmental-report/,2026
Google (Alphabet Inc.),Google data centres and offices,global,Google global operations (data centres + offices),,2024,withdrawal,11011,million US gal,41681169153.624,exact,Not GCP- or workload-specific,google_environmental_report_2026,https://sustainability.google/reports/google-2026-environmental-report/,2026
Google (Alphabet Inc.),Google data centres and offices,global,Google global operations (data centres + offices),,2024,discharge,2876,million US gal,10886844290.784,exact,Not GCP- or workload-specific,google_environmental_report_2026,https://sustainability.google/reports/google-2026-environmental-report/,2026
Google (Alphabet Inc.),Google data centres and offices,global,Google global operations (data centres + offices),,2024,consumption,8135,million US gal,30794324862.84,exact,Not GCP- or workload-specific,google_environmental_report_2026,https://sustainability.google/reports/google-2026-environmental-report/,2026
Google (Alphabet Inc.),Google data centres and offices,global,Google global operations (data centres + offices),,2025,withdrawal,14689,million US gal,55603913695.175995,exact,Not GCP- or workload-specific,google_environmental_report_2026,https://sustainability.google/reports/google-2026-environmental-report/,2026
Google (Alphabet Inc.),Google data centres and offices,global,Google global operations (data centres + offices),,2025,discharge,3820,million US gal,14460273014.88,exact,Not GCP- or workload-specific,google_environmental_report_2026,https://sustainability.google/reports/google-2026-environmental-report/,2026
Google (Alphabet Inc.),Google data centres and offices,global,Google global operations (data centres + offices),,2025,consumption,10869,million US gal,41143640680.296,exact,Not GCP- or workload-specific,google_environmental_report_2026,https://sustainability.google/reports/google-2026-environmental-report/,2026
Google (Alphabet Inc.),Google data centres and offices,global,Google operations (freshwater),,2022,consumption,4770,million US gal,18056414209.68,exact,Not GCP- or workload-specific,google_environmental_report_2026,https://sustainability.google/reports/google-2026-environmental-report/,2026
Google (Alphabet Inc.),Google data centres and offices,global,Google operations (freshwater),,2023,consumption,5601,million US gal,21202091402.184,exact,Not GCP- or workload-specific,google_environmental_report_2026,https://sustainability.google/reports/google-2026-environmental-report/,2026
Google (Alphabet Inc.),Google data centres and offices,global,Google operations (freshwater),,2024,consumption,7240,million US gal,27406381316.16,exact,Not GCP- or workload-specific,google_environmental_report_2026,https://sustainability.google/reports/google-2026-environmental-report/,2026
Google (Alphabet Inc.),Google data centres and offices,global,Google operations (freshwater),,2025,consumption,9947,million US gal,37653491015.448,exact,Not GCP- or workload-specific,google_environmental_report_2026,https://sustainability.google/reports/google-2026-environmental-report/,2026
Google (Alphabet Inc.),Google data-centre location (2024),site,"Hamina, Finland",FI,2024,withdrawal,3.0,million US gal,11356235.352,exact,,google_environmental_report_2025,https://sustainability.google/reports/google-2025-environmental-report/,2025
Google (Alphabet Inc.),Google data-centre location (2024),site,"Hamina, Finland",FI,2024,discharge,2.7,million US gal,10220611.8168,exact,,google_environmental_report_2025,https://sustainability.google/reports/google-2025-environmental-report/,2025
Google (Alphabet Inc.),Google data-centre location (2024),site,"Hamina, Finland",FI,2024,consumption,0.3,million US gal,1135623.5352,exact,,google_environmental_report_2025,https://sustainability.google/reports/google-2025-environmental-report/,2025
Google (Alphabet Inc.),Google data-centre location (2025),site,"Hamina, Finland",FI,2025,withdrawal,4.3,million US gal,16277270.6712,exact,,google_environmental_report_2026,https://sustainability.google/reports/google-2026-environmental-report/,2026
Google (Alphabet Inc.),Google data-centre location (2025),site,"Hamina, Finland",FI,2025,discharge,3.9,million US gal,14763105.9576,exact,,google_environmental_report_2026,https://sustainability.google/reports/google-2026-environmental-report/,2026
Google (Alphabet Inc.),Google data-centre location (2025),site,"Hamina, Finland",FI,2025,consumption,0.4,million US gal,1514164.7136,exact,,google_environmental_report_2026,https://sustainability.google/reports/google-2026-environmental-report/,2026
Google (Alphabet Inc.),Google data-centre location (2024),site,"Hanau, Germany",DE,2024,withdrawal,1.2,million US gal,4542494.1408,exact,,google_environmental_report_2025,https://sustainability.google/reports/google-2025-environmental-report/,2025
Google (Alphabet Inc.),Google data-centre location (2024),site,"Hanau, Germany",DE,2024,discharge,0.6,million US gal,2271247.0704,exact,,google_environmental_report_2025,https://sustainability.google/reports/google-2025-environmental-report/,2025
Google (Alphabet Inc.),Google data-centre location (2024),site,"Hanau, Germany",DE,2024,consumption,0.6,million US gal,2271247.0704,exact,,google_environmental_report_2025,https://sustainability.google/reports/google-2025-environmental-report/,2025
Google (Alphabet Inc.),Google data-centre location (2025),site,"Hanau, Germany",DE,2025,withdrawal,3.4,million US gal,12870400.0656,exact,,google_environmental_report_2026,https://sustainability.google/reports/google-2026-environmental-report/,2026
Google (Alphabet Inc.),Google data-centre location (2025),site,"Hanau, Germany",DE,2025,discharge,1.5,million US gal,5678117.676,exact,,google_environmental_report_2026,https://sustainability.google/reports/google-2026-environmental-report/,2026
Google (Alphabet Inc.),Google data-centre location (2025),site,"Hanau, Germany",DE,2025,consumption,1.9,million US gal,7192282.389599999,exact,,google_environmental_report_2026,https://sustainability.google/reports/google-2026-environmental-report/,2026
Google (Alphabet Inc.),Google data-centre location (2024),site,"Henderson, NV",US,2024,withdrawal,359.9,million US gal,1362369701.0616,exact,,google_environmental_report_2025,https://sustainability.google/reports/google-2025-environmental-report/,2025
Google (Alphabet Inc.),Google data-centre location (2024),site,"Henderson, NV",US,2024,discharge,152.5,million US gal,577275297.06,exact,,google_environmental_report_2025,https://sustainability.google/reports/google-2025-environmental-report/,2025
Google (Alphabet Inc.),Google data-centre location (2024),site,"Henderson, NV",US,2024,consumption,207.4,million US gal,785094404.0016,exact,,google_environmental_report_2025,https://sustainability.google/reports/google-2025-environmental-report/,2025
Google (Alphabet Inc.),Google data-centre location (2025),site,"Henderson, NV",US,2025,withdrawal,401.7,million US gal,1520599913.6327999,exact,,google_environmental_report_2026,https://sustainability.google/reports/google-2026-environmental-report/,2026
Google (Alphabet Inc.),Google data-centre location (2025),site,"Henderson, NV",US,2025,discharge,162.3,million US gal,614372332.5432,exact,,google_environmental_report_2026,https://sustainability.google/reports/google-2026-environmental-report/,2026
Google (Alphabet Inc.),Google data-centre location (2025),site,"Henderson, NV",US,2025,consumption,239.4,million US gal,906227581.0896,exact,,google_environmental_report_2026,https://sustainability.google/reports/google-2026-environmental-report/,2026
Google (Alphabet Inc.),Google data-centre location (2024),site,"Inzai, Japan",JP,2024,withdrawal,26.0,million US gal,98420706.384,exact,,google_environmental_report_2025,https://sustainability.google/reports/google-2025-environmental-report/,2025
Google (Alphabet Inc.),Google data-centre location (2024),site,"Inzai, Japan",JP,2024,discharge,7.8,million US gal,29526211.9152,exact,,google_environmental_report_2025,https://sustainability.google/reports/google-2025-environmental-report/,2025
Google (Alphabet Inc.),Google data-centre location (2024),site,"Inzai, Japan",JP,2024,consumption,18.2,million US gal,68894494.4688,exact,,google_environmental_report_2025,https://sustainability.google/reports/google-2025-environmental-report/,2025
Google (Alphabet Inc.),Google data-centre location (2025),site,"Inzai, Japan",JP,2025,withdrawal,94.6,million US gal,358099954.7664,exact,,google_environmental_report_2026,https://sustainability.google/reports/google-2026-environmental-report/,2026
Google (Alphabet Inc.),Google data-centre location (2025),site,"Inzai, Japan",JP,2025,discharge,21.4,million US gal,81007812.1776,exact,,google_environmental_report_2026,https://sustainability.google/reports/google-2026-environmental-report/,2026
Google (Alphabet Inc.),Google data-centre location (2025),site,"Inzai, Japan",JP,2025,consumption,73.2,million US gal,277092142.5888,exact,,google_environmental_report_2026,https://sustainability.google/reports/google-2026-environmental-report/,2026
Google (Alphabet Inc.),Google data-centre location (2024),site,"Jackson County, AL",US,2024,withdrawal,201.6,million US gal,763139015.6544,exact,,google_environmental_report_2025,https://sustainability.google/reports/google-2025-environmental-report/,2025
Google (Alphabet Inc.),Google data-centre location (2024),site,"Jackson County, AL",US,2024,discharge,18.8,million US gal,71165741.5392,exact,,google_environmental_report_2025,https://sustainability.google/reports/google-2025-environmental-report/,2025
Google (Alphabet Inc.),Google data-centre location (2024),site,"Jackson County, AL",US,2024,consumption,182.8,million US gal,691973274.1151999,exact,,google_environmental_report_2025,https://sustainability.google/reports/google-2025-environmental-report/,2025
Google (Alphabet Inc.),Google data-centre location (2025),site,"Jackson County, AL",US,2025,withdrawal,191.0,million US gal,723013650.744,exact,,google_environmental_report_2026,https://sustainability.google/reports/google-2026-environmental-report/,2026
Google (Alphabet Inc.),Google data-centre location (2025),site,"Jackson County, AL",US,2025,discharge,17.4,million US gal,65866165.0416,exact,,google_environmental_report_2026,https://sustainability.google/reports/google-2026-environmental-report/,2026
Google (Alphabet Inc.),Google data-centre location (2025),site,"Jackson County, AL",US,2025,consumption,173.6,million US gal,657147485.7024,exact,,google_environmental_report_2026,https://sustainability.google/reports/google-2026-environmental-report/,2026
Google (Alphabet Inc.),Google data-centre location (2024),site,"Lancaster, OH",US,2024,withdrawal,207.4,million US gal,785094404.0016,exact,,google_environmental_report_2025,https://sustainability.google/reports/google-2025-environmental-report/,2025
Google (Alphabet Inc.),Google data-centre location (2024),site,"Lancaster, OH",US,2024,discharge,106.3,million US gal,402389272.6392,exact,,google_environmental_report_2025,https://sustainability.google/reports/google-2025-environmental-report/,2025
Google (Alphabet Inc.),Google data-centre location (2024),site,"Lancaster, OH",US,2024,consumption,101.1,million US gal,382705131.3624,exact,,google_environmental_report_2025,https://sustainability.google/reports/google-2025-environmental-report/,2025
Google (Alphabet Inc.),Google data-centre location (2025),site,"Lancaster, OH",US,2025,withdrawal,307.1,million US gal,1162499958.8664,exact,,google_environmental_report_2026,https://sustainability.google/reports/google-2026-environmental-report/,2026
Google (Alphabet Inc.),Google data-centre location (2025),site,"Lancaster, OH",US,2025,discharge,171.3,million US gal,648441038.5992,exact,,google_environmental_report_2026,https://sustainability.google/reports/google-2026-environmental-report/,2026
Google (Alphabet Inc.),Google data-centre location (2025),site,"Lancaster, OH",US,2025,consumption,135.8,million US gal,514058920.2672,exact,,google_environmental_report_2026,https://sustainability.google/reports/google-2026-environmental-report/,2026
Google (Alphabet Inc.),Google data-centre location (2024),site,"Leesburg, VA",US,2024,withdrawal,246.7,million US gal,933861087.1128,exact,,google_environmental_report_2025,https://sustainability.google/reports/google-2025-environmental-report/,2025
Google (Alphabet Inc.),Google data-centre location (2024),site,"Leesburg, VA",US,2024,discharge,55.1,million US gal,208576189.29839998,exact,,google_environmental_report_2025,https://sustainability.google/reports/google-2025-environmental-report/,2025
Google (Alphabet Inc.),Google data-centre location (2024),site,"Leesburg, VA",US,2024,consumption,191.6,million US gal,725284897.8144,exact,,google_environmental_report_2025,https://sustainability.google/reports/google-2025-environmental-report/,2025
Google (Alphabet Inc.),Google data-centre location (2025),site,"Leesburg, VA",US,2025,withdrawal,238.1,million US gal,901306545.7703999,exact,,google_environmental_report_2026,https://sustainability.google/reports/google-2026-environmental-report/,2026
Google (Alphabet Inc.),Google data-centre location (2025),site,"Leesburg, VA",US,2025,discharge,47.4,million US gal,179428518.5616,exact,,google_environmental_report_2026,https://sustainability.google/reports/google-2026-environmental-report/,2026
Google (Alphabet Inc.),Google data-centre location (2025),site,"Leesburg, VA",US,2025,consumption,190.7,million US gal,721878027.2088,exact,,google_environmental_report_2026,https://sustainability.google/reports/google-2026-environmental-report/,2026
Google (Alphabet Inc.),Google data-centre location (2024),site,"Lenoir, NC",US,2024,withdrawal,351.7,million US gal,1331329324.4328,exact,,google_environmental_report_2025,https://sustainability.google/reports/google-2025-environmental-report/,2025
Google (Alphabet Inc.),Google data-centre location (2024),site,"Lenoir, NC",US,2024,discharge,23.9,million US gal,90471341.6376,exact,,google_environmental_report_2025,https://sustainability.google/reports/google-2025-environmental-report/,2025
Google (Alphabet Inc.),Google data-centre location (2024),site,"Lenoir, NC",US,2024,consumption,327.8,million US gal,1240857982.7951999,exact,,google_environmental_report_2025,https://sustainability.google/reports/google-2025-environmental-report/,2025
Google (Alphabet Inc.),Google data-centre location (2025),site,"Lenoir, NC",US,2025,withdrawal,378.3,million US gal,1432021277.8871999,exact,,google_environmental_report_2026,https://sustainability.google/reports/google-2026-environmental-report/,2026
Google (Alphabet Inc.),Google data-centre location (2025),site,"Lenoir, NC",US,2025,discharge,34.0,million US gal,128704000.656,exact,,google_environmental_report_2026,https://sustainability.google/reports/google-2026-environmental-report/,2026
Google (Alphabet Inc.),Google data-centre location (2025),site,"Lenoir, NC",US,2025,consumption,344.3,million US gal,1303317277.2312,exact,,google_environmental_report_2026,https://sustainability.google/reports/google-2026-environmental-report/,2026
Google (Alphabet Inc.),Google data-centre location (2024),site,"Lockbourne, OH",US,2024,withdrawal,177.3,million US gal,671153509.3032,exact,,google_environmental_report_2025,https://sustainability.google/reports/google-2025-environmental-report/,2025
Google (Alphabet Inc.),Google data-centre location (2024),site,"Lockbourne, OH",US,2024,discharge,34.0,million US gal,128704000.656,exact,,google_environmental_report_2025,https://sustainability.google/reports/google-2025-environmental-report/,2025
Google (Alphabet Inc.),Google data-centre location (2024),site,"Lockbourne, OH",US,2024,consumption,143.3,million US gal,542449508.6472,exact,,google_environmental_report_2025,https://sustainability.google/reports/google-2025-environmental-report/,2025
Google (Alphabet Inc.),Google data-centre location (2025),site,"Lockbourne, OH",US,2025,withdrawal,460.8,million US gal,1744317750.0672,exact,,google_environmental_report_2026,https://sustainability.google/reports/google-2026-environmental-report/,2026
Google (Alphabet Inc.),Google data-centre location (2025),site,"Lockbourne, OH",US,2025,discharge,101.3,million US gal,383462213.7192,exact,,google_environmental_report_2026,https://sustainability.google/reports/google-2026-environmental-report/,2026
Google (Alphabet Inc.),Google data-centre location (2025),site,"Lockbourne, OH",US,2025,consumption,359.5,million US gal,1360855536.348,exact,,google_environmental_report_2026,https://sustainability.google/reports/google-2026-environmental-report/,2026
Google (Alphabet Inc.),Google data-centre location (2024),site,"Mayes County, OK",US,2024,withdrawal,1108.3,million US gal,4195371880.2072,exact,,google_environmental_report_2025,https://sustainability.google/reports/google-2025-environmental-report/,2025
Google (Alphabet Inc.),Google data-centre location (2024),site,"Mayes County, OK",US,2024,discharge,275.1,million US gal,1041366781.7784,exact,,google_environmental_report_2025,https://sustainability.google/reports/google-2025-environmental-report/,2025
Google (Alphabet Inc.),Google data-centre location (2024),site,"Mayes County, OK",US,2024,consumption,833.2,million US gal,3154005098.4288,exact,,google_environmental_report_2025,https://sustainability.google/reports/google-2025-environmental-report/,2025
Google (Alphabet Inc.),Google data-centre location (2025),site,"Mayes County, OK",US,2025,withdrawal,1396.7,million US gal,5287084638.7128,exact,,google_environmental_report_2026,https://sustainability.google/reports/google-2026-environmental-report/,2026
Google (Alphabet Inc.),Google data-centre location (2025),site,"Mayes County, OK",US,2025,discharge,315.3,million US gal,1193540335.4952,exact,,google_environmental_report_2026,https://sustainability.google/reports/google-2026-environmental-report/,2026
Google (Alphabet Inc.),Google data-centre location (2025),site,"Mayes County, OK",US,2025,consumption,1081.4,million US gal,4093544303.2176,exact,,google_environmental_report_2026,https://sustainability.google/reports/google-2026-environmental-report/,2026
Google (Alphabet Inc.),Google data-centre location (2025),site,"Mesa, AZ",US,2025,withdrawal,19.4,million US gal,73436988.6096,exact,,google_environmental_report_2026,https://sustainability.google/reports/google-2026-environmental-report/,2026
Google (Alphabet Inc.),Google data-centre location (2025),site,"Mesa, AZ",US,2025,discharge,9.7,million US gal,36718494.3048,exact,,google_environmental_report_2026,https://sustainability.google/reports/google-2026-environmental-report/,2026
Google (Alphabet Inc.),Google data-centre location (2025),site,"Mesa, AZ",US,2025,consumption,9.7,million US gal,36718494.3048,exact,,google_environmental_report_2026,https://sustainability.google/reports/google-2026-environmental-report/,2026
Google (Alphabet Inc.),Google data-centre location (2024),site,"Middenmeer, Netherlands",NL,2024,withdrawal,9.3,million US gal,35204329.5912,exact,,google_environmental_report_2025,https://sustainability.google/reports/google-2025-environmental-report/,2025
Google (Alphabet Inc.),Google data-centre location (2024),site,"Middenmeer, Netherlands",NL,2024,discharge,2.8,million US gal,10599152.995199999,exact,,google_environmental_report_2025,https://sustainability.google/reports/google-2025-environmental-report/,2025
Google (Alphabet Inc.),Google data-centre location (2024),site,"Middenmeer, Netherlands",NL,2024,consumption,6.5,million US gal,24605176.596,exact,,google_environmental_report_2025,https://sustainability.google/reports/google-2025-environmental-report/,2025
Google (Alphabet Inc.),Google data-centre location (2025),site,"Middenmeer, Netherlands",NL,2025,withdrawal,13.6,million US gal,51481600.2624,exact,,google_environmental_report_2026,https://sustainability.google/reports/google-2026-environmental-report/,2026
Google (Alphabet Inc.),Google data-centre location (2025),site,"Middenmeer, Netherlands",NL,2025,discharge,4.3,million US gal,16277270.6712,exact,,google_environmental_report_2026,https://sustainability.google/reports/google-2026-environmental-report/,2026
Google (Alphabet Inc.),Google data-centre location (2025),site,"Middenmeer, Netherlands",NL,2025,consumption,9.3,million US gal,35204329.5912,exact,,google_environmental_report_2026,https://sustainability.google/reports/google-2026-environmental-report/,2026
Google (Alphabet Inc.),Google data-centre location (2024),site,"Midlothian, TX",US,2024,withdrawal,221.0,million US gal,836576004.2639999,exact,,google_environmental_report_2025,https://sustainability.google/reports/google-2025-environmental-report/,2025
Google (Alphabet Inc.),Google data-centre location (2024),site,"Midlothian, TX",US,2024,discharge,38.7,million US gal,146495436.0408,exact,,google_environmental_report_2025,https://sustainability.google/reports/google-2025-environmental-report/,2025
Google (Alphabet Inc.),Google data-centre location (2024),site,"Midlothian, TX",US,2024,consumption,182.3,million US gal,690080568.2232,exact,,google_environmental_report_2025,https://sustainability.google/reports/google-2025-environmental-report/,2025
Google (Alphabet Inc.),Google data-centre location (2025),site,"Midlothian, TX",US,2025,withdrawal,263.6,million US gal,997834546.2624,exact,,google_environmental_report_2026,https://sustainability.google/reports/google-2026-environmental-report/,2026
Google (Alphabet Inc.),Google data-centre location (2025),site,"Midlothian, TX",US,2025,discharge,43.4,million US gal,164286871.4256,exact,,google_environmental_report_2026,https://sustainability.google/reports/google-2026-environmental-report/,2026
Google (Alphabet Inc.),Google data-centre location (2025),site,"Midlothian, TX",US,2025,consumption,220.2,million US gal,833547674.8368,exact,,google_environmental_report_2026,https://sustainability.google/reports/google-2026-environmental-report/,2026
Google (Alphabet Inc.),Google data-centre location (2024),site,"Montgomery County, TN",US,2024,withdrawal,387.9,million US gal,1468361231.0135999,exact,,google_environmental_report_2025,https://sustainability.google/reports/google-2025-environmental-report/,2025
Google (Alphabet Inc.),Google data-centre location (2024),site,"Montgomery County, TN",US,2024,discharge,66.1,million US gal,250215718.92239997,exact,,google_environmental_report_2025,https://sustainability.google/reports/google-2025-environmental-report/,2025
Google (Alphabet Inc.),Google data-centre location (2024),site,"Montgomery County, TN",US,2024,consumption,321.8,million US gal,1218145512.0911999,exact,,google_environmental_report_2025,https://sustainability.google/reports/google-2025-environmental-report/,2025
Google (Alphabet Inc.),Google data-centre location (2025),site,"Montgomery County, TN",US,2025,withdrawal,499.5,million US gal,1890813186.108,exact,,google_environmental_report_2026,https://sustainability.google/reports/google-2026-environmental-report/,2026
Google (Alphabet Inc.),Google data-centre location (2025),site,"Montgomery County, TN",US,2025,discharge,74.8,million US gal,283148801.4432,exact,,google_environmental_report_2026,https://sustainability.google/reports/google-2026-environmental-report/,2026
Google (Alphabet Inc.),Google data-centre location (2025),site,"Montgomery County, TN",US,2025,consumption,424.7,million US gal,1607664384.6648,exact,,google_environmental_report_2026,https://sustainability.google/reports/google-2026-environmental-report/,2026
Google (Alphabet Inc.),Google data-centre location (2024),site,"Montreal, Canada",CA,2024,withdrawal,0.6,million US gal,2271247.0704,exact,,google_environmental_report_2025,https://sustainability.google/reports/google-2025-environmental-report/,2025
Google (Alphabet Inc.),Google data-centre location (2024),site,"Montreal, Canada",CA,2024,discharge,0.5,million US gal,1892705.892,exact,,google_environmental_report_2025,https://sustainability.google/reports/google-2025-environmental-report/,2025
Google (Alphabet Inc.),Google data-centre location (2024),site,"Montreal, Canada",CA,2024,consumption,0.1,million US gal,378541.1784,exact,,google_environmental_report_2025,https://sustainability.google/reports/google-2025-environmental-report/,2025
Google (Alphabet Inc.),Google data-centre location (2025),site,"Montreal, Canada",CA,2025,withdrawal,0.3,million US gal,1135623.5352,exact,,google_environmental_report_2026,https://sustainability.google/reports/google-2026-environmental-report/,2026
Google (Alphabet Inc.),Google data-centre location (2025),site,"Montreal, Canada",CA,2025,discharge,0.2,million US gal,757082.3568,exact,,google_environmental_report_2026,https://sustainability.google/reports/google-2026-environmental-report/,2026
Google (Alphabet Inc.),Google data-centre location (2025),site,"Montreal, Canada",CA,2025,consumption,0.1,million US gal,378541.1784,exact,,google_environmental_report_2026,https://sustainability.google/reports/google-2026-environmental-report/,2026
Google (Alphabet Inc.),Google data-centre location (2024),site,"New Albany, OH",US,2024,withdrawal,405.3,million US gal,1534227396.0551999,exact,,google_environmental_report_2025,https://sustainability.google/reports/google-2025-environmental-report/,2025
Google (Alphabet Inc.),Google data-centre location (2024),site,"New Albany, OH",US,2024,discharge,52.6,million US gal,199112659.8384,exact,,google_environmental_report_2025,https://sustainability.google/reports/google-2025-environmental-report/,2025
Google (Alphabet Inc.),Google data-centre location (2024),site,"New Albany, OH",US,2024,consumption,352.7,million US gal,1335114736.2168,exact,,google_environmental_report_2025,https://sustainability.google/reports/google-2025-environmental-report/,2025
Google (Alphabet Inc.),Google data-centre location (2025),site,"New Albany, OH",US,2025,withdrawal,1008.1,million US gal,3816073619.4504,exact,,google_environmental_report_2026,https://sustainability.google/reports/google-2026-environmental-report/,2026
Google (Alphabet Inc.),Google data-centre location (2025),site,"New Albany, OH",US,2025,discharge,172.4,million US gal,652604991.5616,exact,,google_environmental_report_2026,https://sustainability.google/reports/google-2026-environmental-report/,2026
Google (Alphabet Inc.),Google data-centre location (2025),site,"New Albany, OH",US,2025,consumption,835.7,million US gal,3163468627.8888,exact,,google_environmental_report_2026,https://sustainability.google/reports/google-2026-environmental-report/,2026
Google (Alphabet Inc.),Google data-centre location (2025),site,"New Haven, IN",US,2025,withdrawal,62.2,million US gal,235452612.9648,exact,,google_environmental_report_2026,https://sustainability.google/reports/google-2026-environmental-report/,2026
Google (Alphabet Inc.),Google data-centre location (2025),site,"New Haven, IN",US,2025,discharge,24.4,million US gal,92364047.5296,exact,,google_environmental_report_2026,https://sustainability.google/reports/google-2026-environmental-report/,2026
Google (Alphabet Inc.),Google data-centre location (2025),site,"New Haven, IN",US,2025,consumption,37.8,million US gal,143088565.4352,exact,,google_environmental_report_2026,https://sustainability.google/reports/google-2026-environmental-report/,2026
Google (Alphabet Inc.),Google offices and other facilities,global,Offices and other facilities,,2024,withdrawal,1145,million US gal,4334296492.68,exact,,google_environmental_report_2025,https://sustainability.google/reports/google-2025-environmental-report/,2025
Google (Alphabet Inc.),Google offices and other facilities,global,Offices and other facilities,,2024,discharge,797,million US gal,3016973191.848,exact,,google_environmental_report_2025,https://sustainability.google/reports/google-2025-environmental-report/,2025
Google (Alphabet Inc.),Google offices and other facilities,global,Offices and other facilities,,2024,consumption,348,million US gal,1317323300.832,exact,,google_environmental_report_2025,https://sustainability.google/reports/google-2025-environmental-report/,2025
Google (Alphabet Inc.),Google offices and other facilities,global,Offices and other facilities,,2025,withdrawal,1127,million US gal,4266159080.568,exact,,google_environmental_report_2026,https://sustainability.google/reports/google-2026-environmental-report/,2026
Google (Alphabet Inc.),Google offices and other facilities,global,Offices and other facilities,,2025,discharge,781,million US gal,2956406603.304,exact,,google_environmental_report_2026,https://sustainability.google/reports/google-2026-environmental-report/,2026
Google (Alphabet Inc.),Google offices and other facilities,global,Offices and other facilities,,2025,consumption,346,million US gal,1309752477.264,exact,,google_environmental_report_2026,https://sustainability.google/reports/google-2026-environmental-report/,2026
Google (Alphabet Inc.),Google data-centre location (2024),site,"Omaha, NE",US,2024,withdrawal,44.3,million US gal,167693742.0312,exact,,google_environmental_report_2025,https://sustainability.google/reports/google-2025-environmental-report/,2025
Google (Alphabet Inc.),Google data-centre location (2024),site,"Omaha, NE",US,2024,discharge,12.2,million US gal,46182023.7648,exact,,google_environmental_report_2025,https://sustainability.google/reports/google-2025-environmental-report/,2025
Google (Alphabet Inc.),Google data-centre location (2024),site,"Omaha, NE",US,2024,consumption,32.1,million US gal,121511718.2664,exact,,google_environmental_report_2025,https://sustainability.google/reports/google-2025-environmental-report/,2025
Google (Alphabet Inc.),Google data-centre location (2025),site,"Omaha, NE",US,2025,withdrawal,241.8,million US gal,915312569.3712,exact,,google_environmental_report_2026,https://sustainability.google/reports/google-2026-environmental-report/,2026
Google (Alphabet Inc.),Google data-centre location (2025),site,"Omaha, NE",US,2025,discharge,57.9,million US gal,219175342.2936,exact,,google_environmental_report_2026,https://sustainability.google/reports/google-2026-environmental-report/,2026
Google (Alphabet Inc.),Google data-centre location (2025),site,"Omaha, NE",US,2025,consumption,183.9,million US gal,696137227.0776,exact,,google_environmental_report_2026,https://sustainability.google/reports/google-2026-environmental-report/,2026
Google (Alphabet Inc.),Google data-centre location (2024),site,Other data center locations,,2024,withdrawal,828.9,million US gal,3137727827.7576,exact,,google_environmental_report_2025,https://sustainability.google/reports/google-2025-environmental-report/,2025
Google (Alphabet Inc.),Google data-centre location (2024),site,Other data center locations,,2024,discharge,60.0,million US gal,227124707.04,exact,,google_environmental_report_2025,https://sustainability.google/reports/google-2025-environmental-report/,2025
Google (Alphabet Inc.),Google data-centre location (2024),site,Other data center locations,,2024,consumption,768.9,million US gal,2910603120.7176,exact,,google_environmental_report_2025,https://sustainability.google/reports/google-2025-environmental-report/,2025
Google (Alphabet Inc.),Google data-centre location (2025),site,Other data center locations,,2025,withdrawal,1020.3,million US gal,3862255643.2152,exact,,google_environmental_report_2026,https://sustainability.google/reports/google-2026-environmental-report/,2026
Google (Alphabet Inc.),Google data-centre location (2025),site,Other data center locations,,2025,discharge,101.1,million US gal,382705131.3624,exact,,google_environmental_report_2026,https://sustainability.google/reports/google-2026-environmental-report/,2026
Google (Alphabet Inc.),Google data-centre location (2025),site,Other data center locations,,2025,consumption,919.2,million US gal,3479550511.8528,exact,,google_environmental_report_2026,https://sustainability.google/reports/google-2026-environmental-report/,2026
Google (Alphabet Inc.),Google data-centre location (2024),site,"Papillion, NE",US,2024,withdrawal,532.3,million US gal,2014974692.6231997,exact,,google_environmental_report_2025,https://sustainability.google/reports/google-2025-environmental-report/,2025
Google (Alphabet Inc.),Google data-centre location (2024),site,"Papillion, NE",US,2024,discharge,115.4,million US gal,436836519.8736,exact,,google_environmental_report_2025,https://sustainability.google/reports/google-2025-environmental-report/,2025
Google (Alphabet Inc.),Google data-centre location (2024),site,"Papillion, NE",US,2024,consumption,416.9,million US gal,1578138172.7496,exact,,google_environmental_report_2025,https://sustainability.google/reports/google-2025-environmental-report/,2025
Google (Alphabet Inc.),Google data-centre location (2025),site,"Papillion, NE",US,2025,withdrawal,677.8,million US gal,2565752107.1952,exact,,google_environmental_report_2026,https://sustainability.google/reports/google-2026-environmental-report/,2026
Google (Alphabet Inc.),Google data-centre location (2025),site,"Papillion, NE",US,2025,discharge,129.6,million US gal,490589367.2064,exact,,google_environmental_report_2026,https://sustainability.google/reports/google-2026-environmental-report/,2026
Google (Alphabet Inc.),Google data-centre location (2025),site,"Papillion, NE",US,2025,consumption,548.2,million US gal,2075162739.9888,exact,,google_environmental_report_2026,https://sustainability.google/reports/google-2026-environmental-report/,2026
Google (Alphabet Inc.),Google data-centre location (2024),site,"Pflugerville, TX",US,2024,withdrawal,0.1,million US gal,378541.1784,exact,,google_environmental_report_2025,https://sustainability.google/reports/google-2025-environmental-report/,2025
Google (Alphabet Inc.),Google data-centre location (2024),site,"Pflugerville, TX",US,2024,discharge,0.1,million US gal,378541.1784,exact,,google_environmental_report_2025,https://sustainability.google/reports/google-2025-environmental-report/,2025
Google (Alphabet Inc.),Google data-centre location (2024),site,"Pflugerville, TX",US,2024,consumption,0.01,million US gal,37854.11784,exact,,google_environmental_report_2025,https://sustainability.google/reports/google-2025-environmental-report/,2025
Google (Alphabet Inc.),Google data-centre location (2025),site,"Pflugerville, TX",US,2025,withdrawal,0.4,million US gal,1514164.7136,exact,,google_environmental_report_2026,https://sustainability.google/reports/google-2026-environmental-report/,2026
Google (Alphabet Inc.),Google data-centre location (2025),site,"Pflugerville, TX",US,2025,discharge,0.3,million US gal,1135623.5352,exact,,google_environmental_report_2026,https://sustainability.google/reports/google-2026-environmental-report/,2026
Google (Alphabet Inc.),Google data-centre location (2025),site,"Pflugerville, TX",US,2025,consumption,0.1,million US gal,378541.1784,exact,,google_environmental_report_2026,https://sustainability.google/reports/google-2026-environmental-report/,2026
Google (Alphabet Inc.),Google data-centre location (2024),site,"Phoenix, AZ",US,2024,withdrawal,0.2,million US gal,757082.3568,exact,,google_environmental_report_2025,https://sustainability.google/reports/google-2025-environmental-report/,2025
Google (Alphabet Inc.),Google data-centre location (2024),site,"Phoenix, AZ",US,2024,discharge,0.2,million US gal,757082.3568,exact,,google_environmental_report_2025,https://sustainability.google/reports/google-2025-environmental-report/,2025
Google (Alphabet Inc.),Google data-centre location (2024),site,"Phoenix, AZ",US,2024,consumption,0.03,million US gal,113562.35351999999,exact,,google_environmental_report_2025,https://sustainability.google/reports/google-2025-environmental-report/,2025
Google (Alphabet Inc.),Google data-centre location (2025),site,"Phoenix, AZ",US,2025,withdrawal,0.5,million US gal,1892705.892,exact,,google_environmental_report_2026,https://sustainability.google/reports/google-2026-environmental-report/,2026
Google (Alphabet Inc.),Google data-centre location (2025),site,"Phoenix, AZ",US,2025,discharge,0.4,million US gal,1514164.7136,exact,,google_environmental_report_2026,https://sustainability.google/reports/google-2026-environmental-report/,2026
Google (Alphabet Inc.),Google data-centre location (2025),site,"Phoenix, AZ",US,2025,consumption,0.1,million US gal,378541.1784,exact,,google_environmental_report_2026,https://sustainability.google/reports/google-2026-environmental-report/,2026
Google (Alphabet Inc.),Google data-centre location (2024),site,"Quilicura, Chile",CL,2024,withdrawal,219.0,million US gal,829005180.696,exact,,google_environmental_report_2025,https://sustainability.google/reports/google-2025-environmental-report/,2025
Google (Alphabet Inc.),Google data-centre location (2024),site,"Quilicura, Chile",CL,2024,discharge,97.2,million US gal,367942025.4048,exact,,google_environmental_report_2025,https://sustainability.google/reports/google-2025-environmental-report/,2025
Google (Alphabet Inc.),Google data-centre location (2024),site,"Quilicura, Chile",CL,2024,consumption,121.8,million US gal,461063155.2912,exact,,google_environmental_report_2025,https://sustainability.google/reports/google-2025-environmental-report/,2025
Google (Alphabet Inc.),Google data-centre location (2025),site,"Quilicura, Chile",CL,2025,withdrawal,278.2,million US gal,1053101558.3088,exact,,google_environmental_report_2026,https://sustainability.google/reports/google-2026-environmental-report/,2026
Google (Alphabet Inc.),Google data-centre location (2025),site,"Quilicura, Chile",CL,2025,discharge,135.2,million US gal,511787673.1968,exact,,google_environmental_report_2026,https://sustainability.google/reports/google-2026-environmental-report/,2026
Google (Alphabet Inc.),Google data-centre location (2025),site,"Quilicura, Chile",CL,2025,consumption,143.0,million US gal,541313885.112,exact,,google_environmental_report_2026,https://sustainability.google/reports/google-2026-environmental-report/,2026
Google (Alphabet Inc.),Google data-centre location (2025),site,"Red Oak, TX",US,2025,withdrawal,67.0,million US gal,253622589.528,exact,,google_environmental_report_2026,https://sustainability.google/reports/google-2026-environmental-report/,2026
Google (Alphabet Inc.),Google data-centre location (2025),site,"Red Oak, TX",US,2025,discharge,16.6,million US gal,62837835.61440001,exact,,google_environmental_report_2026,https://sustainability.google/reports/google-2026-environmental-report/,2026
Google (Alphabet Inc.),Google data-centre location (2025),site,"Red Oak, TX",US,2025,consumption,50.4,million US gal,190784753.9136,exact,,google_environmental_report_2026,https://sustainability.google/reports/google-2026-environmental-report/,2026
Google (Alphabet Inc.),Google data-centre location (2024),site,"San Bernardo, Chile",CL,2024,withdrawal,0.3,million US gal,1135623.5352,exact,,google_environmental_report_2025,https://sustainability.google/reports/google-2025-environmental-report/,2025
Google (Alphabet Inc.),Google data-centre location (2024),site,"San Bernardo, Chile",CL,2024,discharge,0.3,million US gal,1135623.5352,exact,,google_environmental_report_2025,https://sustainability.google/reports/google-2025-environmental-report/,2025
Google (Alphabet Inc.),Google data-centre location (2024),site,"San Bernardo, Chile",CL,2024,consumption,0.03,million US gal,113562.35351999999,exact,,google_environmental_report_2025,https://sustainability.google/reports/google-2025-environmental-report/,2025
Google (Alphabet Inc.),Google data-centre location (2025),site,"San Bernardo, Chile",CL,2025,withdrawal,0.9,million US gal,3406870.6056,exact,,google_environmental_report_2026,https://sustainability.google/reports/google-2026-environmental-report/,2026
Google (Alphabet Inc.),Google data-centre location (2025),site,"San Bernardo, Chile",CL,2025,discharge,0.8,million US gal,3028329.4272,exact,,google_environmental_report_2026,https://sustainability.google/reports/google-2026-environmental-report/,2026
Google (Alphabet Inc.),Google data-centre location (2025),site,"San Bernardo, Chile",CL,2025,consumption,0.1,million US gal,378541.1784,exact,,google_environmental_report_2026,https://sustainability.google/reports/google-2026-environmental-report/,2026
Google (Alphabet Inc.),Google data-centre location (2024),site,"St. Ghislain, Belgium",BE,2024,withdrawal,511.7,million US gal,1936995209.8727999,exact,,google_environmental_report_2025,https://sustainability.google/reports/google-2025-environmental-report/,2025
Google (Alphabet Inc.),Google data-centre location (2024),site,"St. Ghislain, Belgium",BE,2024,discharge,118.4,million US gal,448192755.2256,exact,,google_environmental_report_2025,https://sustainability.google/reports/google-2025-environmental-report/,2025
Google (Alphabet Inc.),Google data-centre location (2024),site,"St. Ghislain, Belgium",BE,2024,consumption,393.3,million US gal,1488802454.6471999,exact,,google_environmental_report_2025,https://sustainability.google/reports/google-2025-environmental-report/,2025
Google (Alphabet Inc.),Google data-centre location (2025),site,"St. Ghislain, Belgium",BE,2025,withdrawal,714.4,million US gal,2704298178.4895997,exact,,google_environmental_report_2026,https://sustainability.google/reports/google-2026-environmental-report/,2026
Google (Alphabet Inc.),Google data-centre location (2025),site,"St. Ghislain, Belgium",BE,2025,discharge,263.6,million US gal,997834546.2624,exact,,google_environmental_report_2026,https://sustainability.google/reports/google-2026-environmental-report/,2026
Google (Alphabet Inc.),Google data-centre location (2025),site,"St. Ghislain, Belgium",BE,2025,consumption,450.8,million US gal,1706463632.2272,exact,,google_environmental_report_2026,https://sustainability.google/reports/google-2026-environmental-report/,2026
Google (Alphabet Inc.),Google data-centre location (2024),site,"Sterling, VA",US,2024,withdrawal,201.2,million US gal,761624850.9408,exact,,google_environmental_report_2025,https://sustainability.google/reports/google-2025-environmental-report/,2025
Google (Alphabet Inc.),Google data-centre location (2024),site,"Sterling, VA",US,2024,discharge,43.0,million US gal,162772706.71199998,exact,,google_environmental_report_2025,https://sustainability.google/reports/google-2025-environmental-report/,2025
Google (Alphabet Inc.),Google data-centre location (2024),site,"Sterling, VA",US,2024,consumption,158.2,million US gal,598852144.2287999,exact,,google_environmental_report_2025,https://sustainability.google/reports/google-2025-environmental-report/,2025
Google (Alphabet Inc.),Google data-centre location (2025),site,"Sterling, VA",US,2025,withdrawal,258.4,million US gal,978150404.9855999,exact,,google_environmental_report_2026,https://sustainability.google/reports/google-2026-environmental-report/,2026
Google (Alphabet Inc.),Google data-centre location (2025),site,"Sterling, VA",US,2025,discharge,58.6,million US gal,221825130.5424,exact,,google_environmental_report_2026,https://sustainability.google/reports/google-2026-environmental-report/,2026
Google (Alphabet Inc.),Google data-centre location (2025),site,"Sterling, VA",US,2025,consumption,199.8,million US gal,756325274.4432,exact,,google_environmental_report_2026,https://sustainability.google/reports/google-2026-environmental-report/,2026
Google (Alphabet Inc.),Google data-centre location (2024),site,"Storey County, NV",US,2024,withdrawal,14.9,million US gal,56402635.581599995,exact,,google_environmental_report_2025,https://sustainability.google/reports/google-2025-environmental-report/,2025
Google (Alphabet Inc.),Google data-centre location (2024),site,"Storey County, NV",US,2024,discharge,13.4,million US gal,50724517.9056,exact,,google_environmental_report_2025,https://sustainability.google/reports/google-2025-environmental-report/,2025
Google (Alphabet Inc.),Google data-centre location (2024),site,"Storey County, NV",US,2024,consumption,1.5,million US gal,5678117.676,exact,,google_environmental_report_2025,https://sustainability.google/reports/google-2025-environmental-report/,2025
Google (Alphabet Inc.),Google data-centre location (2025),site,"Storey County, NV",US,2025,withdrawal,66.7,million US gal,252486965.9928,exact,,google_environmental_report_2026,https://sustainability.google/reports/google-2026-environmental-report/,2026
Google (Alphabet Inc.),Google data-centre location (2025),site,"Storey County, NV",US,2025,discharge,60.0,million US gal,227124707.04,exact,,google_environmental_report_2026,https://sustainability.google/reports/google-2026-environmental-report/,2026
Google (Alphabet Inc.),Google data-centre location (2025),site,"Storey County, NV",US,2025,consumption,6.7,million US gal,25362258.9528,exact,,google_environmental_report_2026,https://sustainability.google/reports/google-2026-environmental-report/,2026
Google (Alphabet Inc.),Google data-centre location (2024),site,"Sydney, Australia",AU,2024,withdrawal,1.0,million US gal,3785411.784,exact,,google_environmental_report_2025,https://sustainability.google/reports/google-2025-environmental-report/,2025
Google (Alphabet Inc.),Google data-centre location (2024),site,"Sydney, Australia",AU,2024,discharge,0.9,million US gal,3406870.6056,exact,,google_environmental_report_2025,https://sustainability.google/reports/google-2025-environmental-report/,2025
Google (Alphabet Inc.),Google data-centre location (2024),site,"Sydney, Australia",AU,2024,consumption,0.1,million US gal,378541.1784,exact,,google_environmental_report_2025,https://sustainability.google/reports/google-2025-environmental-report/,2025
Google (Alphabet Inc.),Google data-centre location (2025),site,"Sydney, Australia",AU,2025,withdrawal,1.4,million US gal,5299576.497599999,exact,,google_environmental_report_2026,https://sustainability.google/reports/google-2026-environmental-report/,2026
Google (Alphabet Inc.),Google data-centre location (2025),site,"Sydney, Australia",AU,2025,discharge,1.2,million US gal,4542494.1408,exact,,google_environmental_report_2026,https://sustainability.google/reports/google-2026-environmental-report/,2026
Google (Alphabet Inc.),Google data-centre location (2025),site,"Sydney, Australia",AU,2025,consumption,0.2,million US gal,757082.3568,exact,,google_environmental_report_2026,https://sustainability.google/reports/google-2026-environmental-report/,2026
Google (Alphabet Inc.),Google data-centre location (2024),site,"The Dalles, OR",US,2024,withdrawal,461.1,million US gal,1745453373.6024,exact,,google_environmental_report_2025,https://sustainability.google/reports/google-2025-environmental-report/,2025
Google (Alphabet Inc.),Google data-centre location (2024),site,"The Dalles, OR",US,2024,discharge,99.7,million US gal,377405554.8648,exact,,google_environmental_report_2025,https://sustainability.google/reports/google-2025-environmental-report/,2025
Google (Alphabet Inc.),Google data-centre location (2024),site,"The Dalles, OR",US,2024,consumption,361.4,million US gal,1368047818.7375998,exact,,google_environmental_report_2025,https://sustainability.google/reports/google-2025-environmental-report/,2025
Google (Alphabet Inc.),Google data-centre location (2025),site,"The Dalles, OR",US,2025,withdrawal,654.3,million US gal,2476794930.2711997,exact,,google_environmental_report_2026,https://sustainability.google/reports/google-2026-environmental-report/,2026
Google (Alphabet Inc.),Google data-centre location (2025),site,"The Dalles, OR",US,2025,discharge,185.3,million US gal,701436803.5752,exact,,google_environmental_report_2026,https://sustainability.google/reports/google-2026-environmental-report/,2026
Google (Alphabet Inc.),Google data-centre location (2025),site,"The Dalles, OR",US,2025,consumption,469.0,million US gal,1775358126.6959999,exact,,google_environmental_report_2026,https://sustainability.google/reports/google-2026-environmental-report/,2026
Google (Alphabet Inc.),"Google The Dalles, Oregon data centres",site,"The Dalles, Oregon",US,2025 (grew 2012-2025),provider_reported_water_use,550,million US gal,2081976481.2,approximate,"Secondary source; litigation-disclosed municipal records; ~550 million US gal is a municipal water-use (withdrawal-type) basis; compare Google's own 2025 The Dalles report values: withdrawal 654.3, discharge 185.3, consumption 469.0 million US gal",google_the_dalles_records,https://www.latitudemedia.com/news/data-center-water-use-black-box-google-trying-to-change/,2025
Google (Alphabet Inc.),Google data-centre location (2024),site,"Wilmer, TX",US,2024,withdrawal,1.9,million US gal,7192282.389599999,exact,,google_environmental_report_2025,https://sustainability.google/reports/google-2025-environmental-report/,2025
Google (Alphabet Inc.),Google data-centre location (2024),site,"Wilmer, TX",US,2024,discharge,1.7,million US gal,6435200.0328,exact,,google_environmental_report_2025,https://sustainability.google/reports/google-2025-environmental-report/,2025
Google (Alphabet Inc.),Google data-centre location (2024),site,"Wilmer, TX",US,2024,consumption,0.2,million US gal,757082.3568,exact,,google_environmental_report_2025,https://sustainability.google/reports/google-2025-environmental-report/,2025
Google (Alphabet Inc.),Google data-centre location (2025),site,"Wilmer, TX",US,2025,withdrawal,2.6,million US gal,9842070.6384,exact,,google_environmental_report_2026,https://sustainability.google/reports/google-2026-environmental-report/,2026
Google (Alphabet Inc.),Google data-centre location (2025),site,"Wilmer, TX",US,2025,discharge,2.3,million US gal,8706447.1032,exact,,google_environmental_report_2026,https://sustainability.google/reports/google-2026-environmental-report/,2026
Google (Alphabet Inc.),Google data-centre location (2025),site,"Wilmer, TX",US,2025,consumption,0.3,million US gal,1135623.5352,exact,,google_environmental_report_2026,https://sustainability.google/reports/google-2026-environmental-report/,2026
Google (Alphabet Inc.),Google data-centre location (2025),site,"Winschoten, Netherlands",NL,2025,withdrawal,0.1,million US gal,378541.1784,exact,,google_environmental_report_2026,https://sustainability.google/reports/google-2026-environmental-report/,2026
Google (Alphabet Inc.),Google data-centre location (2025),site,"Winschoten, Netherlands",NL,2025,discharge,0.05,million US gal,189270.5892,exact,,google_environmental_report_2026,https://sustainability.google/reports/google-2026-environmental-report/,2026
Google (Alphabet Inc.),Google data-centre location (2025),site,"Winschoten, Netherlands",NL,2025,consumption,0.05,million US gal,189270.5892,exact,,google_environmental_report_2026,https://sustainability.google/reports/google-2026-environmental-report/,2026
Microsoft,Microsoft-owned datacentre location (FY25),site,Ashburn (VA) datacentre,US,FY25,withdrawal,239.0,ML,239000000.0,exact,Excludes commissioning and locations collectively <1% of owned-datacentre withdrawal/electricity; Section 2 detail; not part of the assured Section 1 metrics.,microsoft_2026_environmental_data_factsheet,https://cdn-dynmedia-1.microsoft.com/is/content/microsoftcorp/microsoft/final/en-us/microsoft-brand/documents/2026-Environmental-Data-Fact-Sheet.pdf,2026
Microsoft,Microsoft corporate operations by region,region,Asia,,FY20,withdrawal,1306.0,ML,1306000000.0,exact,Section 2 detail; not part of the assured Section 1 metrics.,microsoft_2026_environmental_data_factsheet,https://cdn-dynmedia-1.microsoft.com/is/content/microsoftcorp/microsoft/final/en-us/microsoft-brand/documents/2026-Environmental-Data-Fact-Sheet.pdf,2026
Microsoft,Microsoft corporate operations by region,region,Asia,,FY20,consumption,704.0,ML,704000000.0,exact,Section 2 detail; not part of the assured Section 1 metrics.,microsoft_2026_environmental_data_factsheet,https://cdn-dynmedia-1.microsoft.com/is/content/microsoftcorp/microsoft/final/en-us/microsoft-brand/documents/2026-Environmental-Data-Fact-Sheet.pdf,2026
Microsoft,Microsoft corporate operations by region,region,Asia,,FY20,discharge,602.0,ML,602000000.0,exact,Section 2 detail; not part of the assured Section 1 metrics.,microsoft_2026_environmental_data_factsheet,https://cdn-dynmedia-1.microsoft.com/is/content/microsoftcorp/microsoft/final/en-us/microsoft-brand/documents/2026-Environmental-Data-Fact-Sheet.pdf,2026
Microsoft,Microsoft corporate operations by region,region,Asia,,FY21,withdrawal,1657.0,ML,1657000000.0,exact,Section 2 detail; not part of the assured Section 1 metrics.,microsoft_2026_environmental_data_factsheet,https://cdn-dynmedia-1.microsoft.com/is/content/microsoftcorp/microsoft/final/en-us/microsoft-brand/documents/2026-Environmental-Data-Fact-Sheet.pdf,2026
Microsoft,Microsoft corporate operations by region,region,Asia,,FY21,consumption,959.0,ML,959000000.0,exact,Section 2 detail; not part of the assured Section 1 metrics.,microsoft_2026_environmental_data_factsheet,https://cdn-dynmedia-1.microsoft.com/is/content/microsoftcorp/microsoft/final/en-us/microsoft-brand/documents/2026-Environmental-Data-Fact-Sheet.pdf,2026
Microsoft,Microsoft corporate operations by region,region,Asia,,FY21,discharge,698.0,ML,698000000.0,exact,Section 2 detail; not part of the assured Section 1 metrics.,microsoft_2026_environmental_data_factsheet,https://cdn-dynmedia-1.microsoft.com/is/content/microsoftcorp/microsoft/final/en-us/microsoft-brand/documents/2026-Environmental-Data-Fact-Sheet.pdf,2026
Microsoft,Microsoft corporate operations by region,region,Asia,,FY22,withdrawal,2204.0,ML,2204000000.0,exact,Section 2 detail; not part of the assured Section 1 metrics.,microsoft_2026_environmental_data_factsheet,https://cdn-dynmedia-1.microsoft.com/is/content/microsoftcorp/microsoft/final/en-us/microsoft-brand/documents/2026-Environmental-Data-Fact-Sheet.pdf,2026
Microsoft,Microsoft corporate operations by region,region,Asia,,FY22,consumption,1311.0,ML,1311000000.0,exact,Section 2 detail; not part of the assured Section 1 metrics.,microsoft_2026_environmental_data_factsheet,https://cdn-dynmedia-1.microsoft.com/is/content/microsoftcorp/microsoft/final/en-us/microsoft-brand/documents/2026-Environmental-Data-Fact-Sheet.pdf,2026
Microsoft,Microsoft corporate operations by region,region,Asia,,FY22,discharge,893.0,ML,893000000.0,exact,Section 2 detail; not part of the assured Section 1 metrics.,microsoft_2026_environmental_data_factsheet,https://cdn-dynmedia-1.microsoft.com/is/content/microsoftcorp/microsoft/final/en-us/microsoft-brand/documents/2026-Environmental-Data-Fact-Sheet.pdf,2026
Microsoft,Microsoft corporate operations by region,region,Asia,,FY23,withdrawal,2710.0,ML,2710000000.0,exact,Section 2 detail; not part of the assured Section 1 metrics.,microsoft_2026_environmental_data_factsheet,https://cdn-dynmedia-1.microsoft.com/is/content/microsoftcorp/microsoft/final/en-us/microsoft-brand/documents/2026-Environmental-Data-Fact-Sheet.pdf,2026
Microsoft,Microsoft corporate operations by region,region,Asia,,FY23,consumption,1678.0,ML,1678000000.0,exact,Section 2 detail; not part of the assured Section 1 metrics.,microsoft_2026_environmental_data_factsheet,https://cdn-dynmedia-1.microsoft.com/is/content/microsoftcorp/microsoft/final/en-us/microsoft-brand/documents/2026-Environmental-Data-Fact-Sheet.pdf,2026
Microsoft,Microsoft corporate operations by region,region,Asia,,FY23,discharge,1032.0,ML,1032000000.0,exact,Section 2 detail; not part of the assured Section 1 metrics.,microsoft_2026_environmental_data_factsheet,https://cdn-dynmedia-1.microsoft.com/is/content/microsoftcorp/microsoft/final/en-us/microsoft-brand/documents/2026-Environmental-Data-Fact-Sheet.pdf,2026
Microsoft,Microsoft corporate operations by region,region,Asia,,FY24,withdrawal,3370.0,ML,3370000000.0,exact,Section 2 detail; not part of the assured Section 1 metrics.,microsoft_2026_environmental_data_factsheet,https://cdn-dynmedia-1.microsoft.com/is/content/microsoftcorp/microsoft/final/en-us/microsoft-brand/documents/2026-Environmental-Data-Fact-Sheet.pdf,2026
Microsoft,Microsoft corporate operations by region,region,Asia,,FY24,consumption,1953.0,ML,1953000000.0,exact,Section 2 detail; not part of the assured Section 1 metrics.,microsoft_2026_environmental_data_factsheet,https://cdn-dynmedia-1.microsoft.com/is/content/microsoftcorp/microsoft/final/en-us/microsoft-brand/documents/2026-Environmental-Data-Fact-Sheet.pdf,2026
Microsoft,Microsoft corporate operations by region,region,Asia,,FY24,discharge,1417.0,ML,1417000000.0,exact,Section 2 detail; not part of the assured Section 1 metrics.,microsoft_2026_environmental_data_factsheet,https://cdn-dynmedia-1.microsoft.com/is/content/microsoftcorp/microsoft/final/en-us/microsoft-brand/documents/2026-Environmental-Data-Fact-Sheet.pdf,2026
Microsoft,Microsoft corporate operations by region,region,Asia,,FY25,withdrawal,4082.0,ML,4082000000.0,exact,Section 2 detail; not part of the assured Section 1 metrics.,microsoft_2026_environmental_data_factsheet,https://cdn-dynmedia-1.microsoft.com/is/content/microsoftcorp/microsoft/final/en-us/microsoft-brand/documents/2026-Environmental-Data-Fact-Sheet.pdf,2026
Microsoft,Microsoft corporate operations by region,region,Asia,,FY25,consumption,2482.0,ML,2482000000.0,exact,Section 2 detail; not part of the assured Section 1 metrics.,microsoft_2026_environmental_data_factsheet,https://cdn-dynmedia-1.microsoft.com/is/content/microsoftcorp/microsoft/final/en-us/microsoft-brand/documents/2026-Environmental-Data-Fact-Sheet.pdf,2026
Microsoft,Microsoft corporate operations by region,region,Asia,,FY25,discharge,1600.0,ML,1600000000.0,exact,Section 2 detail; not part of the assured Section 1 metrics.,microsoft_2026_environmental_data_factsheet,https://cdn-dynmedia-1.microsoft.com/is/content/microsoftcorp/microsoft/final/en-us/microsoft-brand/documents/2026-Environmental-Data-Fact-Sheet.pdf,2026
Microsoft,Microsoft-owned datacentre location (FY25),site,Atlanta (GA) datacentre,US,FY25,withdrawal,19.0,ML,19000000.0,exact,Excludes commissioning and locations collectively <1% of owned-datacentre withdrawal/electricity; Section 2 detail; not part of the assured Section 1 metrics.,microsoft_2026_environmental_data_factsheet,https://cdn-dynmedia-1.microsoft.com/is/content/microsoftcorp/microsoft/final/en-us/microsoft-brand/documents/2026-Environmental-Data-Fact-Sheet.pdf,2026
Microsoft,Microsoft-owned datacentre location (FY25),site,Auckland datacentre,NZ,FY25,withdrawal,,ML,,less_than,Excludes commissioning and locations collectively <1% of owned-datacentre withdrawal/electricity; Section 2 detail; not part of the assured Section 1 metrics.,microsoft_2026_environmental_data_factsheet,https://cdn-dynmedia-1.microsoft.com/is/content/microsoftcorp/microsoft/final/en-us/microsoft-brand/documents/2026-Environmental-Data-Fact-Sheet.pdf,2026
Microsoft,Microsoft-owned datacentre location (FY25),site,Boydton (VA) datacentre,US,FY25,withdrawal,362.0,ML,362000000.0,exact,Excludes commissioning and locations collectively <1% of owned-datacentre withdrawal/electricity; Section 2 detail; not part of the assured Section 1 metrics.,microsoft_2026_environmental_data_factsheet,https://cdn-dynmedia-1.microsoft.com/is/content/microsoftcorp/microsoft/final/en-us/microsoft-brand/documents/2026-Environmental-Data-Fact-Sheet.pdf,2026
Microsoft,Microsoft-owned datacentre location (FY25),site,Busan datacentre,KR,FY25,withdrawal,7.0,ML,7000000.0,exact,Excludes commissioning and locations collectively <1% of owned-datacentre withdrawal/electricity; Section 2 detail; not part of the assured Section 1 metrics.,microsoft_2026_environmental_data_factsheet,https://cdn-dynmedia-1.microsoft.com/is/content/microsoftcorp/microsoft/final/en-us/microsoft-brand/documents/2026-Environmental-Data-Fact-Sheet.pdf,2026
Microsoft,Microsoft-owned datacentre location (FY25),site,Cheyenne (WY) datacentre,US,FY25,withdrawal,188.0,ML,188000000.0,exact,Excludes commissioning and locations collectively <1% of owned-datacentre withdrawal/electricity; Section 2 detail; not part of the assured Section 1 metrics.,microsoft_2026_environmental_data_factsheet,https://cdn-dynmedia-1.microsoft.com/is/content/microsoftcorp/microsoft/final/en-us/microsoft-brand/documents/2026-Environmental-Data-Fact-Sheet.pdf,2026
Microsoft,Microsoft-owned datacentre location (FY25),site,Chicago (IL) datacentre,US,FY25,withdrawal,204.0,ML,204000000.0,exact,Excludes commissioning and locations collectively <1% of owned-datacentre withdrawal/electricity; Section 2 detail; not part of the assured Section 1 metrics.,microsoft_2026_environmental_data_factsheet,https://cdn-dynmedia-1.microsoft.com/is/content/microsoftcorp/microsoft/final/en-us/microsoft-brand/documents/2026-Environmental-Data-Fact-Sheet.pdf,2026
Microsoft,Microsoft-owned datacentre location (FY25),site,Copenhagen datacentre,DK,FY25,withdrawal,3.0,ML,3000000.0,exact,Excludes commissioning and locations collectively <1% of owned-datacentre withdrawal/electricity; Section 2 detail; not part of the assured Section 1 metrics.,microsoft_2026_environmental_data_factsheet,https://cdn-dynmedia-1.microsoft.com/is/content/microsoftcorp/microsoft/final/en-us/microsoft-brand/documents/2026-Environmental-Data-Fact-Sheet.pdf,2026
Microsoft,Microsoft-owned datacentre location (FY25),site,Des Moines (IA) datacentre,US,FY25,withdrawal,264.0,ML,264000000.0,exact,Excludes commissioning and locations collectively <1% of owned-datacentre withdrawal/electricity; Section 2 detail; not part of the assured Section 1 metrics.,microsoft_2026_environmental_data_factsheet,https://cdn-dynmedia-1.microsoft.com/is/content/microsoftcorp/microsoft/final/en-us/microsoft-brand/documents/2026-Environmental-Data-Fact-Sheet.pdf,2026
Microsoft,Microsoft-owned datacentre location (FY25),site,Dublin datacentre,IE,FY25,withdrawal,18.0,ML,18000000.0,exact,Excludes commissioning and locations collectively <1% of owned-datacentre withdrawal/electricity; Section 2 detail; not part of the assured Section 1 metrics.,microsoft_2026_environmental_data_factsheet,https://cdn-dynmedia-1.microsoft.com/is/content/microsoftcorp/microsoft/final/en-us/microsoft-brand/documents/2026-Environmental-Data-Fact-Sheet.pdf,2026
Microsoft,Microsoft-owned datacentre location (FY25),site,East Wenatchee (WA) datacentre,US,FY25,withdrawal,51.0,ML,51000000.0,exact,Excludes commissioning and locations collectively <1% of owned-datacentre withdrawal/electricity; Section 2 detail; not part of the assured Section 1 metrics.,microsoft_2026_environmental_data_factsheet,https://cdn-dynmedia-1.microsoft.com/is/content/microsoftcorp/microsoft/final/en-us/microsoft-brand/documents/2026-Environmental-Data-Fact-Sheet.pdf,2026
Microsoft,Microsoft corporate operations by region,region,"Europe, Middle East, Africa",,FY20,withdrawal,869.0,ML,869000000.0,exact,Section 2 detail; not part of the assured Section 1 metrics.,microsoft_2026_environmental_data_factsheet,https://cdn-dynmedia-1.microsoft.com/is/content/microsoftcorp/microsoft/final/en-us/microsoft-brand/documents/2026-Environmental-Data-Fact-Sheet.pdf,2026
Microsoft,Microsoft corporate operations by region,region,"Europe, Middle East, Africa",,FY20,consumption,502.0,ML,502000000.0,exact,Section 2 detail; not part of the assured Section 1 metrics.,microsoft_2026_environmental_data_factsheet,https://cdn-dynmedia-1.microsoft.com/is/content/microsoftcorp/microsoft/final/en-us/microsoft-brand/documents/2026-Environmental-Data-Fact-Sheet.pdf,2026
Microsoft,Microsoft corporate operations by region,region,"Europe, Middle East, Africa",,FY20,discharge,367.0,ML,367000000.0,exact,Section 2 detail; not part of the assured Section 1 metrics.,microsoft_2026_environmental_data_factsheet,https://cdn-dynmedia-1.microsoft.com/is/content/microsoftcorp/microsoft/final/en-us/microsoft-brand/documents/2026-Environmental-Data-Fact-Sheet.pdf,2026
Microsoft,Microsoft corporate operations by region,region,"Europe, Middle East, Africa",,FY21,withdrawal,869.0,ML,869000000.0,exact,Section 2 detail; not part of the assured Section 1 metrics.,microsoft_2026_environmental_data_factsheet,https://cdn-dynmedia-1.microsoft.com/is/content/microsoftcorp/microsoft/final/en-us/microsoft-brand/documents/2026-Environmental-Data-Fact-Sheet.pdf,2026
Microsoft,Microsoft corporate operations by region,region,"Europe, Middle East, Africa",,FY21,consumption,506.0,ML,506000000.0,exact,Section 2 detail; not part of the assured Section 1 metrics.,microsoft_2026_environmental_data_factsheet,https://cdn-dynmedia-1.microsoft.com/is/content/microsoftcorp/microsoft/final/en-us/microsoft-brand/documents/2026-Environmental-Data-Fact-Sheet.pdf,2026
Microsoft,Microsoft corporate operations by region,region,"Europe, Middle East, Africa",,FY21,discharge,363.0,ML,363000000.0,exact,Section 2 detail; not part of the assured Section 1 metrics.,microsoft_2026_environmental_data_factsheet,https://cdn-dynmedia-1.microsoft.com/is/content/microsoftcorp/microsoft/final/en-us/microsoft-brand/documents/2026-Environmental-Data-Fact-Sheet.pdf,2026
Microsoft,Microsoft corporate operations by region,region,"Europe, Middle East, Africa",,FY22,withdrawal,1291.0,ML,1291000000.0,exact,Section 2 detail; not part of the assured Section 1 metrics.,microsoft_2026_environmental_data_factsheet,https://cdn-dynmedia-1.microsoft.com/is/content/microsoftcorp/microsoft/final/en-us/microsoft-brand/documents/2026-Environmental-Data-Fact-Sheet.pdf,2026
Microsoft,Microsoft corporate operations by region,region,"Europe, Middle East, Africa",,FY22,consumption,781.0,ML,781000000.0,exact,Section 2 detail; not part of the assured Section 1 metrics.,microsoft_2026_environmental_data_factsheet,https://cdn-dynmedia-1.microsoft.com/is/content/microsoftcorp/microsoft/final/en-us/microsoft-brand/documents/2026-Environmental-Data-Fact-Sheet.pdf,2026
Microsoft,Microsoft corporate operations by region,region,"Europe, Middle East, Africa",,FY22,discharge,510.0,ML,510000000.0,exact,Section 2 detail; not part of the assured Section 1 metrics.,microsoft_2026_environmental_data_factsheet,https://cdn-dynmedia-1.microsoft.com/is/content/microsoftcorp/microsoft/final/en-us/microsoft-brand/documents/2026-Environmental-Data-Fact-Sheet.pdf,2026
Microsoft,Microsoft corporate operations by region,region,"Europe, Middle East, Africa",,FY23,withdrawal,1302.0,ML,1302000000.0,exact,Section 2 detail; not part of the assured Section 1 metrics.,microsoft_2026_environmental_data_factsheet,https://cdn-dynmedia-1.microsoft.com/is/content/microsoftcorp/microsoft/final/en-us/microsoft-brand/documents/2026-Environmental-Data-Fact-Sheet.pdf,2026
Microsoft,Microsoft corporate operations by region,region,"Europe, Middle East, Africa",,FY23,consumption,785.0,ML,785000000.0,exact,Section 2 detail; not part of the assured Section 1 metrics.,microsoft_2026_environmental_data_factsheet,https://cdn-dynmedia-1.microsoft.com/is/content/microsoftcorp/microsoft/final/en-us/microsoft-brand/documents/2026-Environmental-Data-Fact-Sheet.pdf,2026
Microsoft,Microsoft corporate operations by region,region,"Europe, Middle East, Africa",,FY23,discharge,517.0,ML,517000000.0,exact,Section 2 detail; not part of the assured Section 1 metrics.,microsoft_2026_environmental_data_factsheet,https://cdn-dynmedia-1.microsoft.com/is/content/microsoftcorp/microsoft/final/en-us/microsoft-brand/documents/2026-Environmental-Data-Fact-Sheet.pdf,2026
Microsoft,Microsoft corporate operations by region,region,"Europe, Middle East, Africa",,FY24,withdrawal,1197.0,ML,1197000000.0,exact,Section 2 detail; not part of the assured Section 1 metrics.,microsoft_2026_environmental_data_factsheet,https://cdn-dynmedia-1.microsoft.com/is/content/microsoftcorp/microsoft/final/en-us/microsoft-brand/documents/2026-Environmental-Data-Fact-Sheet.pdf,2026
Microsoft,Microsoft corporate operations by region,region,"Europe, Middle East, Africa",,FY24,consumption,710.0,ML,710000000.0,exact,Section 2 detail; not part of the assured Section 1 metrics.,microsoft_2026_environmental_data_factsheet,https://cdn-dynmedia-1.microsoft.com/is/content/microsoftcorp/microsoft/final/en-us/microsoft-brand/documents/2026-Environmental-Data-Fact-Sheet.pdf,2026
Microsoft,Microsoft corporate operations by region,region,"Europe, Middle East, Africa",,FY24,discharge,487.0,ML,487000000.0,exact,Section 2 detail; not part of the assured Section 1 metrics.,microsoft_2026_environmental_data_factsheet,https://cdn-dynmedia-1.microsoft.com/is/content/microsoftcorp/microsoft/final/en-us/microsoft-brand/documents/2026-Environmental-Data-Fact-Sheet.pdf,2026
Microsoft,Microsoft corporate operations by region,region,"Europe, Middle East, Africa",,FY25,withdrawal,1692.0,ML,1692000000.0,exact,Section 2 detail; not part of the assured Section 1 metrics.,microsoft_2026_environmental_data_factsheet,https://cdn-dynmedia-1.microsoft.com/is/content/microsoftcorp/microsoft/final/en-us/microsoft-brand/documents/2026-Environmental-Data-Fact-Sheet.pdf,2026
Microsoft,Microsoft corporate operations by region,region,"Europe, Middle East, Africa",,FY25,consumption,989.0,ML,989000000.0,exact,Section 2 detail; not part of the assured Section 1 metrics.,microsoft_2026_environmental_data_factsheet,https://cdn-dynmedia-1.microsoft.com/is/content/microsoftcorp/microsoft/final/en-us/microsoft-brand/documents/2026-Environmental-Data-Fact-Sheet.pdf,2026
Microsoft,Microsoft corporate operations by region,region,"Europe, Middle East, Africa",,FY25,discharge,703.0,ML,703000000.0,exact,Section 2 detail; not part of the assured Section 1 metrics.,microsoft_2026_environmental_data_factsheet,https://cdn-dynmedia-1.microsoft.com/is/content/microsoftcorp/microsoft/final/en-us/microsoft-brand/documents/2026-Environmental-Data-Fact-Sheet.pdf,2026
Microsoft,Microsoft corporate operations (global),global,Global corporate operations,,FY20,withdrawal,6794.0,ML,6794000000.0,exact,Not Azure-specific; not a product or workload factor,microsoft_2026_environmental_data_factsheet,https://cdn-dynmedia-1.microsoft.com/is/content/microsoftcorp/microsoft/final/en-us/microsoft-brand/documents/2026-Environmental-Data-Fact-Sheet.pdf,2026
Microsoft,"Microsoft corporate operations, third-party water source",global,Global corporate operations,,FY20,withdrawal,6689.0,ML,6689000000.0,exact,Section 2 detail; not part of the assured Section 1 metrics.,microsoft_2026_environmental_data_factsheet,https://cdn-dynmedia-1.microsoft.com/is/content/microsoftcorp/microsoft/final/en-us/microsoft-brand/documents/2026-Environmental-Data-Fact-Sheet.pdf,2026
Microsoft,"Microsoft corporate operations, surface water source",global,Global corporate operations,,FY20,withdrawal,89.0,ML,89000000.0,exact,Section 2 detail; not part of the assured Section 1 metrics.,microsoft_2026_environmental_data_factsheet,https://cdn-dynmedia-1.microsoft.com/is/content/microsoftcorp/microsoft/final/en-us/microsoft-brand/documents/2026-Environmental-Data-Fact-Sheet.pdf,2026
Microsoft,"Microsoft corporate operations, ground water source",global,Global corporate operations,,FY20,withdrawal,16.0,ML,16000000.0,exact,Section 2 detail; not part of the assured Section 1 metrics.,microsoft_2026_environmental_data_factsheet,https://cdn-dynmedia-1.microsoft.com/is/content/microsoftcorp/microsoft/final/en-us/microsoft-brand/documents/2026-Environmental-Data-Fact-Sheet.pdf,2026
Microsoft,Microsoft corporate operations (global),global,Global corporate operations,,FY20,discharge,2804.0,ML,2804000000.0,exact,Not Azure-specific; not a product or workload factor,microsoft_2026_environmental_data_factsheet,https://cdn-dynmedia-1.microsoft.com/is/content/microsoftcorp/microsoft/final/en-us/microsoft-brand/documents/2026-Environmental-Data-Fact-Sheet.pdf,2026
Microsoft,"Microsoft corporate operations, third-party water source",global,Global corporate operations,,FY20,discharge,2804.0,ML,2804000000.0,exact,Section 2 detail; not part of the assured Section 1 metrics.,microsoft_2026_environmental_data_factsheet,https://cdn-dynmedia-1.microsoft.com/is/content/microsoftcorp/microsoft/final/en-us/microsoft-brand/documents/2026-Environmental-Data-Fact-Sheet.pdf,2026
Microsoft,Microsoft corporate operations (global),global,Global corporate operations,,FY20,consumption,3990.0,ML,3990000000.0,exact,Not Azure-specific; not a product or workload factor,microsoft_2026_environmental_data_factsheet,https://cdn-dynmedia-1.microsoft.com/is/content/microsoftcorp/microsoft/final/en-us/microsoft-brand/documents/2026-Environmental-Data-Fact-Sheet.pdf,2026
Microsoft,"Microsoft corporate operations, third-party water source",global,Global corporate operations,,FY20,consumption,3963.0,ML,3963000000.0,exact,Section 2 detail; not part of the assured Section 1 metrics.,microsoft_2026_environmental_data_factsheet,https://cdn-dynmedia-1.microsoft.com/is/content/microsoftcorp/microsoft/final/en-us/microsoft-brand/documents/2026-Environmental-Data-Fact-Sheet.pdf,2026
Microsoft,"Microsoft corporate operations, surface water source",global,Global corporate operations,,FY20,consumption,25.0,ML,25000000.0,exact,Section 2 detail; not part of the assured Section 1 metrics.,microsoft_2026_environmental_data_factsheet,https://cdn-dynmedia-1.microsoft.com/is/content/microsoftcorp/microsoft/final/en-us/microsoft-brand/documents/2026-Environmental-Data-Fact-Sheet.pdf,2026
Microsoft,"Microsoft corporate operations, ground water source",global,Global corporate operations,,FY20,consumption,2.0,ML,2000000.0,exact,Section 2 detail; not part of the assured Section 1 metrics.,microsoft_2026_environmental_data_factsheet,https://cdn-dynmedia-1.microsoft.com/is/content/microsoftcorp/microsoft/final/en-us/microsoft-brand/documents/2026-Environmental-Data-Fact-Sheet.pdf,2026
Microsoft,Microsoft corporate operations (global),global,Global corporate operations,,FY21,withdrawal,7747.0,ML,7747000000.0,exact,Not Azure-specific; not a product or workload factor,microsoft_2026_environmental_data_factsheet,https://cdn-dynmedia-1.microsoft.com/is/content/microsoftcorp/microsoft/final/en-us/microsoft-brand/documents/2026-Environmental-Data-Fact-Sheet.pdf,2026
Microsoft,"Microsoft corporate operations, third-party water source",global,Global corporate operations,,FY21,withdrawal,7690.0,ML,7690000000.0,exact,Section 2 detail; not part of the assured Section 1 metrics.,microsoft_2026_environmental_data_factsheet,https://cdn-dynmedia-1.microsoft.com/is/content/microsoftcorp/microsoft/final/en-us/microsoft-brand/documents/2026-Environmental-Data-Fact-Sheet.pdf,2026
Microsoft,"Microsoft corporate operations, surface water source",global,Global corporate operations,,FY21,withdrawal,41.0,ML,41000000.0,exact,Section 2 detail; not part of the assured Section 1 metrics.,microsoft_2026_environmental_data_factsheet,https://cdn-dynmedia-1.microsoft.com/is/content/microsoftcorp/microsoft/final/en-us/microsoft-brand/documents/2026-Environmental-Data-Fact-Sheet.pdf,2026
Microsoft,"Microsoft corporate operations, ground water source",global,Global corporate operations,,FY21,withdrawal,16.0,ML,16000000.0,exact,Section 2 detail; not part of the assured Section 1 metrics.,microsoft_2026_environmental_data_factsheet,https://cdn-dynmedia-1.microsoft.com/is/content/microsoftcorp/microsoft/final/en-us/microsoft-brand/documents/2026-Environmental-Data-Fact-Sheet.pdf,2026
Microsoft,Microsoft corporate operations (global),global,Global corporate operations,,FY21,discharge,2953.0,ML,2953000000.0,exact,Not Azure-specific; not a product or workload factor,microsoft_2026_environmental_data_factsheet,https://cdn-dynmedia-1.microsoft.com/is/content/microsoftcorp/microsoft/final/en-us/microsoft-brand/documents/2026-Environmental-Data-Fact-Sheet.pdf,2026
Microsoft,"Microsoft corporate operations, third-party water source",global,Global corporate operations,,FY21,discharge,2953.0,ML,2953000000.0,exact,Section 2 detail; not part of the assured Section 1 metrics.,microsoft_2026_environmental_data_factsheet,https://cdn-dynmedia-1.microsoft.com/is/content/microsoftcorp/microsoft/final/en-us/microsoft-brand/documents/2026-Environmental-Data-Fact-Sheet.pdf,2026
Microsoft,Microsoft corporate operations (global),global,Global corporate operations,,FY21,consumption,4794.0,ML,4794000000.0,exact,Not Azure-specific; not a product or workload factor,microsoft_2026_environmental_data_factsheet,https://cdn-dynmedia-1.microsoft.com/is/content/microsoftcorp/microsoft/final/en-us/microsoft-brand/documents/2026-Environmental-Data-Fact-Sheet.pdf,2026
Microsoft,"Microsoft corporate operations, third-party water source",global,Global corporate operations,,FY21,consumption,4785.0,ML,4785000000.0,exact,Section 2 detail; not part of the assured Section 1 metrics.,microsoft_2026_environmental_data_factsheet,https://cdn-dynmedia-1.microsoft.com/is/content/microsoftcorp/microsoft/final/en-us/microsoft-brand/documents/2026-Environmental-Data-Fact-Sheet.pdf,2026
Microsoft,"Microsoft corporate operations, surface water source",global,Global corporate operations,,FY21,consumption,4.0,ML,4000000.0,exact,Section 2 detail; not part of the assured Section 1 metrics.,microsoft_2026_environmental_data_factsheet,https://cdn-dynmedia-1.microsoft.com/is/content/microsoftcorp/microsoft/final/en-us/microsoft-brand/documents/2026-Environmental-Data-Fact-Sheet.pdf,2026
Microsoft,"Microsoft corporate operations, ground water source",global,Global corporate operations,,FY21,consumption,5.0,ML,5000000.0,exact,Section 2 detail; not part of the assured Section 1 metrics.,microsoft_2026_environmental_data_factsheet,https://cdn-dynmedia-1.microsoft.com/is/content/microsoftcorp/microsoft/final/en-us/microsoft-brand/documents/2026-Environmental-Data-Fact-Sheet.pdf,2026
Microsoft,Microsoft corporate operations (global),global,Global corporate operations,,FY22,withdrawal,8698.0,ML,8698000000.0,exact,Not Azure-specific; not a product or workload factor,microsoft_2026_environmental_data_factsheet,https://cdn-dynmedia-1.microsoft.com/is/content/microsoftcorp/microsoft/final/en-us/microsoft-brand/documents/2026-Environmental-Data-Fact-Sheet.pdf,2026
Microsoft,"Microsoft corporate operations, third-party water source",global,Global corporate operations,,FY22,withdrawal,8657.0,ML,8657000000.0,exact,Section 2 detail; not part of the assured Section 1 metrics.,microsoft_2026_environmental_data_factsheet,https://cdn-dynmedia-1.microsoft.com/is/content/microsoftcorp/microsoft/final/en-us/microsoft-brand/documents/2026-Environmental-Data-Fact-Sheet.pdf,2026
Microsoft,"Microsoft corporate operations, surface water source",global,Global corporate operations,,FY22,withdrawal,39.0,ML,39000000.0,exact,Section 2 detail; not part of the assured Section 1 metrics.,microsoft_2026_environmental_data_factsheet,https://cdn-dynmedia-1.microsoft.com/is/content/microsoftcorp/microsoft/final/en-us/microsoft-brand/documents/2026-Environmental-Data-Fact-Sheet.pdf,2026
Microsoft,"Microsoft corporate operations, ground water source",global,Global corporate operations,,FY22,withdrawal,2.0,ML,2000000.0,exact,Section 2 detail; not part of the assured Section 1 metrics.,microsoft_2026_environmental_data_factsheet,https://cdn-dynmedia-1.microsoft.com/is/content/microsoftcorp/microsoft/final/en-us/microsoft-brand/documents/2026-Environmental-Data-Fact-Sheet.pdf,2026
Microsoft,Microsoft corporate operations (global),global,Global corporate operations,,FY22,discharge,3369.0,ML,3369000000.0,exact,Not Azure-specific; not a product or workload factor,microsoft_2026_environmental_data_factsheet,https://cdn-dynmedia-1.microsoft.com/is/content/microsoftcorp/microsoft/final/en-us/microsoft-brand/documents/2026-Environmental-Data-Fact-Sheet.pdf,2026
Microsoft,"Microsoft corporate operations, third-party water source",global,Global corporate operations,,FY22,discharge,3369.0,ML,3369000000.0,exact,Section 2 detail; not part of the assured Section 1 metrics.,microsoft_2026_environmental_data_factsheet,https://cdn-dynmedia-1.microsoft.com/is/content/microsoftcorp/microsoft/final/en-us/microsoft-brand/documents/2026-Environmental-Data-Fact-Sheet.pdf,2026
Microsoft,Microsoft corporate operations (global),global,Global corporate operations,,FY22,consumption,5329.0,ML,5329000000.0,exact,Not Azure-specific; not a product or workload factor,microsoft_2026_environmental_data_factsheet,https://cdn-dynmedia-1.microsoft.com/is/content/microsoftcorp/microsoft/final/en-us/microsoft-brand/documents/2026-Environmental-Data-Fact-Sheet.pdf,2026
Microsoft,"Microsoft corporate operations, third-party water source",global,Global corporate operations,,FY22,consumption,5324.0,ML,5324000000.0,exact,Section 2 detail; not part of the assured Section 1 metrics.,microsoft_2026_environmental_data_factsheet,https://cdn-dynmedia-1.microsoft.com/is/content/microsoftcorp/microsoft/final/en-us/microsoft-brand/documents/2026-Environmental-Data-Fact-Sheet.pdf,2026
Microsoft,"Microsoft corporate operations, surface water source",global,Global corporate operations,,FY22,consumption,4.0,ML,4000000.0,exact,Section 2 detail; not part of the assured Section 1 metrics.,microsoft_2026_environmental_data_factsheet,https://cdn-dynmedia-1.microsoft.com/is/content/microsoftcorp/microsoft/final/en-us/microsoft-brand/documents/2026-Environmental-Data-Fact-Sheet.pdf,2026
Microsoft,"Microsoft corporate operations, ground water source",global,Global corporate operations,,FY22,consumption,1.0,ML,1000000.0,exact,Section 2 detail; not part of the assured Section 1 metrics.,microsoft_2026_environmental_data_factsheet,https://cdn-dynmedia-1.microsoft.com/is/content/microsoftcorp/microsoft/final/en-us/microsoft-brand/documents/2026-Environmental-Data-Fact-Sheet.pdf,2026
Microsoft,Microsoft corporate operations (global),global,Global corporate operations,,FY23,withdrawal,9666.0,ML,9666000000.0,exact,Not Azure-specific; not a product or workload factor,microsoft_2026_environmental_data_factsheet,https://cdn-dynmedia-1.microsoft.com/is/content/microsoftcorp/microsoft/final/en-us/microsoft-brand/documents/2026-Environmental-Data-Fact-Sheet.pdf,2026
Microsoft,"Microsoft corporate operations, third-party water source",global,Global corporate operations,,FY23,withdrawal,9641.0,ML,9641000000.0,exact,Section 2 detail; not part of the assured Section 1 metrics.,microsoft_2026_environmental_data_factsheet,https://cdn-dynmedia-1.microsoft.com/is/content/microsoftcorp/microsoft/final/en-us/microsoft-brand/documents/2026-Environmental-Data-Fact-Sheet.pdf,2026
Microsoft,"Microsoft corporate operations, surface water source",global,Global corporate operations,,FY23,withdrawal,21.0,ML,21000000.0,exact,Section 2 detail; not part of the assured Section 1 metrics.,microsoft_2026_environmental_data_factsheet,https://cdn-dynmedia-1.microsoft.com/is/content/microsoftcorp/microsoft/final/en-us/microsoft-brand/documents/2026-Environmental-Data-Fact-Sheet.pdf,2026
Microsoft,"Microsoft corporate operations, ground water source",global,Global corporate operations,,FY23,withdrawal,4.0,ML,4000000.0,exact,Section 2 detail; not part of the assured Section 1 metrics.,microsoft_2026_environmental_data_factsheet,https://cdn-dynmedia-1.microsoft.com/is/content/microsoftcorp/microsoft/final/en-us/microsoft-brand/documents/2026-Environmental-Data-Fact-Sheet.pdf,2026
Microsoft,Microsoft corporate operations (global),global,Global corporate operations,,FY23,discharge,3848.0,ML,3848000000.0,exact,Not Azure-specific; not a product or workload factor,microsoft_2026_environmental_data_factsheet,https://cdn-dynmedia-1.microsoft.com/is/content/microsoftcorp/microsoft/final/en-us/microsoft-brand/documents/2026-Environmental-Data-Fact-Sheet.pdf,2026
Microsoft,"Microsoft corporate operations, third-party water source",global,Global corporate operations,,FY23,discharge,3848.0,ML,3848000000.0,exact,Section 2 detail; not part of the assured Section 1 metrics.,microsoft_2026_environmental_data_factsheet,https://cdn-dynmedia-1.microsoft.com/is/content/microsoftcorp/microsoft/final/en-us/microsoft-brand/documents/2026-Environmental-Data-Fact-Sheet.pdf,2026
Microsoft,Microsoft corporate operations (global),global,Global corporate operations,,FY23,consumption,5818.0,ML,5818000000.0,exact,Not Azure-specific; not a product or workload factor,microsoft_2026_environmental_data_factsheet,https://cdn-dynmedia-1.microsoft.com/is/content/microsoftcorp/microsoft/final/en-us/microsoft-brand/documents/2026-Environmental-Data-Fact-Sheet.pdf,2026
Microsoft,"Microsoft corporate operations, third-party water source",global,Global corporate operations,,FY23,consumption,5815.0,ML,5815000000.0,exact,Section 2 detail; not part of the assured Section 1 metrics.,microsoft_2026_environmental_data_factsheet,https://cdn-dynmedia-1.microsoft.com/is/content/microsoftcorp/microsoft/final/en-us/microsoft-brand/documents/2026-Environmental-Data-Fact-Sheet.pdf,2026
Microsoft,"Microsoft corporate operations, surface water source",global,Global corporate operations,,FY23,consumption,2.0,ML,2000000.0,exact,Section 2 detail; not part of the assured Section 1 metrics.,microsoft_2026_environmental_data_factsheet,https://cdn-dynmedia-1.microsoft.com/is/content/microsoftcorp/microsoft/final/en-us/microsoft-brand/documents/2026-Environmental-Data-Fact-Sheet.pdf,2026
Microsoft,"Microsoft corporate operations, ground water source",global,Global corporate operations,,FY23,consumption,1.0,ML,1000000.0,exact,Section 2 detail; not part of the assured Section 1 metrics.,microsoft_2026_environmental_data_factsheet,https://cdn-dynmedia-1.microsoft.com/is/content/microsoftcorp/microsoft/final/en-us/microsoft-brand/documents/2026-Environmental-Data-Fact-Sheet.pdf,2026
Microsoft,Microsoft corporate operations (global),global,Global corporate operations,,FY24,withdrawal,11590.0,ML,11590000000.0,exact,Not Azure-specific; not a product or workload factor,microsoft_2026_environmental_data_factsheet,https://cdn-dynmedia-1.microsoft.com/is/content/microsoftcorp/microsoft/final/en-us/microsoft-brand/documents/2026-Environmental-Data-Fact-Sheet.pdf,2026
Microsoft,"Microsoft corporate operations, third-party water source",global,Global corporate operations,,FY24,withdrawal,11500.0,ML,11500000000.0,exact,Section 2 detail; not part of the assured Section 1 metrics.,microsoft_2026_environmental_data_factsheet,https://cdn-dynmedia-1.microsoft.com/is/content/microsoftcorp/microsoft/final/en-us/microsoft-brand/documents/2026-Environmental-Data-Fact-Sheet.pdf,2026
Microsoft,"Microsoft corporate operations, surface water source",global,Global corporate operations,,FY24,withdrawal,53.0,ML,53000000.0,exact,Section 2 detail; not part of the assured Section 1 metrics.,microsoft_2026_environmental_data_factsheet,https://cdn-dynmedia-1.microsoft.com/is/content/microsoftcorp/microsoft/final/en-us/microsoft-brand/documents/2026-Environmental-Data-Fact-Sheet.pdf,2026
Microsoft,"Microsoft corporate operations, ground water source",global,Global corporate operations,,FY24,withdrawal,37.0,ML,37000000.0,exact,Section 2 detail; not part of the assured Section 1 metrics.,microsoft_2026_environmental_data_factsheet,https://cdn-dynmedia-1.microsoft.com/is/content/microsoftcorp/microsoft/final/en-us/microsoft-brand/documents/2026-Environmental-Data-Fact-Sheet.pdf,2026
Microsoft,Microsoft corporate operations (global),global,Global corporate operations,,FY24,discharge,4897.0,ML,4897000000.0,exact,Not Azure-specific; not a product or workload factor,microsoft_2026_environmental_data_factsheet,https://cdn-dynmedia-1.microsoft.com/is/content/microsoftcorp/microsoft/final/en-us/microsoft-brand/documents/2026-Environmental-Data-Fact-Sheet.pdf,2026
Microsoft,"Microsoft corporate operations, third-party water source",global,Global corporate operations,,FY24,discharge,4897.0,ML,4897000000.0,exact,Section 2 detail; not part of the assured Section 1 metrics.,microsoft_2026_environmental_data_factsheet,https://cdn-dynmedia-1.microsoft.com/is/content/microsoftcorp/microsoft/final/en-us/microsoft-brand/documents/2026-Environmental-Data-Fact-Sheet.pdf,2026
Microsoft,Microsoft corporate operations (global),global,Global corporate operations,,FY24,consumption,6693.0,ML,6693000000.0,exact,Not Azure-specific; not a product or workload factor,microsoft_2026_environmental_data_factsheet,https://cdn-dynmedia-1.microsoft.com/is/content/microsoftcorp/microsoft/final/en-us/microsoft-brand/documents/2026-Environmental-Data-Fact-Sheet.pdf,2026
Microsoft,"Microsoft corporate operations, third-party water source",global,Global corporate operations,,FY24,consumption,6661.0,ML,6661000000.0,exact,Section 2 detail; not part of the assured Section 1 metrics.,microsoft_2026_environmental_data_factsheet,https://cdn-dynmedia-1.microsoft.com/is/content/microsoftcorp/microsoft/final/en-us/microsoft-brand/documents/2026-Environmental-Data-Fact-Sheet.pdf,2026
Microsoft,"Microsoft corporate operations, surface water source",global,Global corporate operations,,FY24,consumption,19.0,ML,19000000.0,exact,Section 2 detail; not part of the assured Section 1 metrics.,microsoft_2026_environmental_data_factsheet,https://cdn-dynmedia-1.microsoft.com/is/content/microsoftcorp/microsoft/final/en-us/microsoft-brand/documents/2026-Environmental-Data-Fact-Sheet.pdf,2026
Microsoft,"Microsoft corporate operations, ground water source",global,Global corporate operations,,FY24,consumption,13.0,ML,13000000.0,exact,Section 2 detail; not part of the assured Section 1 metrics.,microsoft_2026_environmental_data_factsheet,https://cdn-dynmedia-1.microsoft.com/is/content/microsoftcorp/microsoft/final/en-us/microsoft-brand/documents/2026-Environmental-Data-Fact-Sheet.pdf,2026
Microsoft,Microsoft corporate operations (global),global,Global corporate operations,,FY25,withdrawal,13266.0,ML,13266000000.0,exact,Not Azure-specific; not a product or workload factor,microsoft_2026_environmental_data_factsheet,https://cdn-dynmedia-1.microsoft.com/is/content/microsoftcorp/microsoft/final/en-us/microsoft-brand/documents/2026-Environmental-Data-Fact-Sheet.pdf,2026
Microsoft,"Microsoft corporate operations, third-party water source",global,Global corporate operations,,FY25,withdrawal,13192.0,ML,13192000000.0,exact,Section 2 detail; not part of the assured Section 1 metrics.,microsoft_2026_environmental_data_factsheet,https://cdn-dynmedia-1.microsoft.com/is/content/microsoftcorp/microsoft/final/en-us/microsoft-brand/documents/2026-Environmental-Data-Fact-Sheet.pdf,2026
Microsoft,"Microsoft corporate operations, surface water source",global,Global corporate operations,,FY25,withdrawal,45.0,ML,45000000.0,exact,Section 2 detail; not part of the assured Section 1 metrics.,microsoft_2026_environmental_data_factsheet,https://cdn-dynmedia-1.microsoft.com/is/content/microsoftcorp/microsoft/final/en-us/microsoft-brand/documents/2026-Environmental-Data-Fact-Sheet.pdf,2026
Microsoft,"Microsoft corporate operations, ground water source",global,Global corporate operations,,FY25,withdrawal,29.0,ML,29000000.0,exact,Section 2 detail; not part of the assured Section 1 metrics.,microsoft_2026_environmental_data_factsheet,https://cdn-dynmedia-1.microsoft.com/is/content/microsoftcorp/microsoft/final/en-us/microsoft-brand/documents/2026-Environmental-Data-Fact-Sheet.pdf,2026
Microsoft,Microsoft corporate operations (global),global,Global corporate operations,,FY25,discharge,5096.0,ML,5096000000.0,exact,Not Azure-specific; not a product or workload factor,microsoft_2026_environmental_data_factsheet,https://cdn-dynmedia-1.microsoft.com/is/content/microsoftcorp/microsoft/final/en-us/microsoft-brand/documents/2026-Environmental-Data-Fact-Sheet.pdf,2026
Microsoft,"Microsoft corporate operations, third-party water source",global,Global corporate operations,,FY25,discharge,5096.0,ML,5096000000.0,exact,Section 2 detail; not part of the assured Section 1 metrics.,microsoft_2026_environmental_data_factsheet,https://cdn-dynmedia-1.microsoft.com/is/content/microsoftcorp/microsoft/final/en-us/microsoft-brand/documents/2026-Environmental-Data-Fact-Sheet.pdf,2026
Microsoft,Microsoft corporate operations (global),global,Global corporate operations,,FY25,consumption,8170.0,ML,8170000000.0,exact,Not Azure-specific; not a product or workload factor,microsoft_2026_environmental_data_factsheet,https://cdn-dynmedia-1.microsoft.com/is/content/microsoftcorp/microsoft/final/en-us/microsoft-brand/documents/2026-Environmental-Data-Fact-Sheet.pdf,2026
Microsoft,"Microsoft corporate operations, third-party water source",global,Global corporate operations,,FY25,consumption,8162.0,ML,8162000000.0,exact,Section 2 detail; not part of the assured Section 1 metrics.,microsoft_2026_environmental_data_factsheet,https://cdn-dynmedia-1.microsoft.com/is/content/microsoftcorp/microsoft/final/en-us/microsoft-brand/documents/2026-Environmental-Data-Fact-Sheet.pdf,2026
Microsoft,"Microsoft corporate operations, surface water source",global,Global corporate operations,,FY25,consumption,5.0,ML,5000000.0,exact,Section 2 detail; not part of the assured Section 1 metrics.,microsoft_2026_environmental_data_factsheet,https://cdn-dynmedia-1.microsoft.com/is/content/microsoftcorp/microsoft/final/en-us/microsoft-brand/documents/2026-Environmental-Data-Fact-Sheet.pdf,2026
Microsoft,"Microsoft corporate operations, ground water source",global,Global corporate operations,,FY25,consumption,3.0,ML,3000000.0,exact,Section 2 detail; not part of the assured Section 1 metrics.,microsoft_2026_environmental_data_factsheet,https://cdn-dynmedia-1.microsoft.com/is/content/microsoftcorp/microsoft/final/en-us/microsoft-brand/documents/2026-Environmental-Data-Fact-Sheet.pdf,2026
Microsoft,Microsoft corporate operations in water-stressed areas,global,Global corporate operations in high/extremely-high baseline water stress (WRI Aqueduct),,FY25,withdrawal,6659.0,ML,6659000000.0,exact,,microsoft_2026_environmental_data_factsheet,https://cdn-dynmedia-1.microsoft.com/is/content/microsoftcorp/microsoft/final/en-us/microsoft-brand/documents/2026-Environmental-Data-Fact-Sheet.pdf,2026
Microsoft,Microsoft corporate operations in water-stressed areas,global,Global corporate operations in high/extremely-high baseline water stress (WRI Aqueduct),,FY25,discharge,2733.0,ML,2733000000.0,exact,,microsoft_2026_environmental_data_factsheet,https://cdn-dynmedia-1.microsoft.com/is/content/microsoftcorp/microsoft/final/en-us/microsoft-brand/documents/2026-Environmental-Data-Fact-Sheet.pdf,2026
Microsoft,Microsoft corporate operations in water-stressed areas,global,Global corporate operations in high/extremely-high baseline water stress (WRI Aqueduct),,FY25,consumption,3926.0,ML,3926000000.0,exact,,microsoft_2026_environmental_data_factsheet,https://cdn-dynmedia-1.microsoft.com/is/content/microsoftcorp/microsoft/final/en-us/microsoft-brand/documents/2026-Environmental-Data-Fact-Sheet.pdf,2026
Microsoft,Microsoft-owned datacentre location (FY25),site,Gävle-Sandviken datacentre,SE,FY25,withdrawal,14.0,ML,14000000.0,exact,Excludes commissioning and locations collectively <1% of owned-datacentre withdrawal/electricity; Section 2 detail; not part of the assured Section 1 metrics.,microsoft_2026_environmental_data_factsheet,https://cdn-dynmedia-1.microsoft.com/is/content/microsoftcorp/microsoft/final/en-us/microsoft-brand/documents/2026-Environmental-Data-Fact-Sheet.pdf,2026
Microsoft,Microsoft-owned datacentre location (FY25),site,Hollands Kroon datacentre,NL,FY25,withdrawal,46.0,ML,46000000.0,exact,Excludes commissioning and locations collectively <1% of owned-datacentre withdrawal/electricity; Section 2 detail; not part of the assured Section 1 metrics.,microsoft_2026_environmental_data_factsheet,https://cdn-dynmedia-1.microsoft.com/is/content/microsoftcorp/microsoft/final/en-us/microsoft-brand/documents/2026-Environmental-Data-Fact-Sheet.pdf,2026
Microsoft,Microsoft-owned datacentre location (FY25),site,Jakarta datacentre,ID,FY25,withdrawal,84.0,ML,84000000.0,exact,Excludes commissioning and locations collectively <1% of owned-datacentre withdrawal/electricity; Section 2 detail; not part of the assured Section 1 metrics.,microsoft_2026_environmental_data_factsheet,https://cdn-dynmedia-1.microsoft.com/is/content/microsoftcorp/microsoft/final/en-us/microsoft-brand/documents/2026-Environmental-Data-Fact-Sheet.pdf,2026
Microsoft,Microsoft-owned datacentre location (FY25),site,Kuala Lumpur datacentre,MY,FY25,withdrawal,23.0,ML,23000000.0,exact,Excludes commissioning and locations collectively <1% of owned-datacentre withdrawal/electricity; Section 2 detail; not part of the assured Section 1 metrics.,microsoft_2026_environmental_data_factsheet,https://cdn-dynmedia-1.microsoft.com/is/content/microsoftcorp/microsoft/final/en-us/microsoft-brand/documents/2026-Environmental-Data-Fact-Sheet.pdf,2026
Microsoft,Microsoft corporate operations by region,region,Latin America,,FY20,withdrawal,23.0,ML,23000000.0,exact,Section 2 detail; not part of the assured Section 1 metrics.,microsoft_2026_environmental_data_factsheet,https://cdn-dynmedia-1.microsoft.com/is/content/microsoftcorp/microsoft/final/en-us/microsoft-brand/documents/2026-Environmental-Data-Fact-Sheet.pdf,2026
Microsoft,Microsoft corporate operations by region,region,Latin America,,FY20,consumption,9.0,ML,9000000.0,exact,Section 2 detail; not part of the assured Section 1 metrics.,microsoft_2026_environmental_data_factsheet,https://cdn-dynmedia-1.microsoft.com/is/content/microsoftcorp/microsoft/final/en-us/microsoft-brand/documents/2026-Environmental-Data-Fact-Sheet.pdf,2026
Microsoft,Microsoft corporate operations by region,region,Latin America,,FY20,discharge,14.0,ML,14000000.0,exact,Section 2 detail; not part of the assured Section 1 metrics.,microsoft_2026_environmental_data_factsheet,https://cdn-dynmedia-1.microsoft.com/is/content/microsoftcorp/microsoft/final/en-us/microsoft-brand/documents/2026-Environmental-Data-Fact-Sheet.pdf,2026
Microsoft,Microsoft corporate operations by region,region,Latin America,,FY21,withdrawal,48.0,ML,48000000.0,exact,Section 2 detail; not part of the assured Section 1 metrics.,microsoft_2026_environmental_data_factsheet,https://cdn-dynmedia-1.microsoft.com/is/content/microsoftcorp/microsoft/final/en-us/microsoft-brand/documents/2026-Environmental-Data-Fact-Sheet.pdf,2026
Microsoft,Microsoft corporate operations by region,region,Latin America,,FY21,consumption,25.0,ML,25000000.0,exact,Section 2 detail; not part of the assured Section 1 metrics.,microsoft_2026_environmental_data_factsheet,https://cdn-dynmedia-1.microsoft.com/is/content/microsoftcorp/microsoft/final/en-us/microsoft-brand/documents/2026-Environmental-Data-Fact-Sheet.pdf,2026
Microsoft,Microsoft corporate operations by region,region,Latin America,,FY21,discharge,23.0,ML,23000000.0,exact,Section 2 detail; not part of the assured Section 1 metrics.,microsoft_2026_environmental_data_factsheet,https://cdn-dynmedia-1.microsoft.com/is/content/microsoftcorp/microsoft/final/en-us/microsoft-brand/documents/2026-Environmental-Data-Fact-Sheet.pdf,2026
Microsoft,Microsoft corporate operations by region,region,Latin America,,FY22,withdrawal,58.0,ML,58000000.0,exact,Section 2 detail; not part of the assured Section 1 metrics.,microsoft_2026_environmental_data_factsheet,https://cdn-dynmedia-1.microsoft.com/is/content/microsoftcorp/microsoft/final/en-us/microsoft-brand/documents/2026-Environmental-Data-Fact-Sheet.pdf,2026
Microsoft,Microsoft corporate operations by region,region,Latin America,,FY22,consumption,30.0,ML,30000000.0,exact,Section 2 detail; not part of the assured Section 1 metrics.,microsoft_2026_environmental_data_factsheet,https://cdn-dynmedia-1.microsoft.com/is/content/microsoftcorp/microsoft/final/en-us/microsoft-brand/documents/2026-Environmental-Data-Fact-Sheet.pdf,2026
Microsoft,Microsoft corporate operations by region,region,Latin America,,FY22,discharge,28.0,ML,28000000.0,exact,Section 2 detail; not part of the assured Section 1 metrics.,microsoft_2026_environmental_data_factsheet,https://cdn-dynmedia-1.microsoft.com/is/content/microsoftcorp/microsoft/final/en-us/microsoft-brand/documents/2026-Environmental-Data-Fact-Sheet.pdf,2026
Microsoft,Microsoft corporate operations by region,region,Latin America,,FY23,withdrawal,70.0,ML,70000000.0,exact,Section 2 detail; not part of the assured Section 1 metrics.,microsoft_2026_environmental_data_factsheet,https://cdn-dynmedia-1.microsoft.com/is/content/microsoftcorp/microsoft/final/en-us/microsoft-brand/documents/2026-Environmental-Data-Fact-Sheet.pdf,2026
Microsoft,Microsoft corporate operations by region,region,Latin America,,FY23,consumption,37.0,ML,37000000.0,exact,Section 2 detail; not part of the assured Section 1 metrics.,microsoft_2026_environmental_data_factsheet,https://cdn-dynmedia-1.microsoft.com/is/content/microsoftcorp/microsoft/final/en-us/microsoft-brand/documents/2026-Environmental-Data-Fact-Sheet.pdf,2026
Microsoft,Microsoft corporate operations by region,region,Latin America,,FY23,discharge,33.0,ML,33000000.0,exact,Section 2 detail; not part of the assured Section 1 metrics.,microsoft_2026_environmental_data_factsheet,https://cdn-dynmedia-1.microsoft.com/is/content/microsoftcorp/microsoft/final/en-us/microsoft-brand/documents/2026-Environmental-Data-Fact-Sheet.pdf,2026
Microsoft,Microsoft corporate operations by region,region,Latin America,,FY24,withdrawal,21.0,ML,21000000.0,exact,Section 2 detail; not part of the assured Section 1 metrics.,microsoft_2026_environmental_data_factsheet,https://cdn-dynmedia-1.microsoft.com/is/content/microsoftcorp/microsoft/final/en-us/microsoft-brand/documents/2026-Environmental-Data-Fact-Sheet.pdf,2026
Microsoft,Microsoft corporate operations by region,region,Latin America,,FY24,consumption,7.0,ML,7000000.0,exact,Section 2 detail; not part of the assured Section 1 metrics.,microsoft_2026_environmental_data_factsheet,https://cdn-dynmedia-1.microsoft.com/is/content/microsoftcorp/microsoft/final/en-us/microsoft-brand/documents/2026-Environmental-Data-Fact-Sheet.pdf,2026
Microsoft,Microsoft corporate operations by region,region,Latin America,,FY24,discharge,14.0,ML,14000000.0,exact,Section 2 detail; not part of the assured Section 1 metrics.,microsoft_2026_environmental_data_factsheet,https://cdn-dynmedia-1.microsoft.com/is/content/microsoftcorp/microsoft/final/en-us/microsoft-brand/documents/2026-Environmental-Data-Fact-Sheet.pdf,2026
Microsoft,Microsoft corporate operations by region,region,Latin America,,FY25,withdrawal,126.0,ML,126000000.0,exact,Section 2 detail; not part of the assured Section 1 metrics.,microsoft_2026_environmental_data_factsheet,https://cdn-dynmedia-1.microsoft.com/is/content/microsoftcorp/microsoft/final/en-us/microsoft-brand/documents/2026-Environmental-Data-Fact-Sheet.pdf,2026
Microsoft,Microsoft corporate operations by region,region,Latin America,,FY25,consumption,80.0,ML,80000000.0,exact,Section 2 detail; not part of the assured Section 1 metrics.,microsoft_2026_environmental_data_factsheet,https://cdn-dynmedia-1.microsoft.com/is/content/microsoftcorp/microsoft/final/en-us/microsoft-brand/documents/2026-Environmental-Data-Fact-Sheet.pdf,2026
Microsoft,Microsoft corporate operations by region,region,Latin America,,FY25,discharge,46.0,ML,46000000.0,exact,Section 2 detail; not part of the assured Section 1 metrics.,microsoft_2026_environmental_data_factsheet,https://cdn-dynmedia-1.microsoft.com/is/content/microsoftcorp/microsoft/final/en-us/microsoft-brand/documents/2026-Environmental-Data-Fact-Sheet.pdf,2026
Microsoft,Microsoft-owned datacentre location (FY25),site,Madrid datacentre,ES,FY25,withdrawal,15.0,ML,15000000.0,exact,Excludes commissioning and locations collectively <1% of owned-datacentre withdrawal/electricity; Section 2 detail; not part of the assured Section 1 metrics.,microsoft_2026_environmental_data_factsheet,https://cdn-dynmedia-1.microsoft.com/is/content/microsoftcorp/microsoft/final/en-us/microsoft-brand/documents/2026-Environmental-Data-Fact-Sheet.pdf,2026
Microsoft,Microsoft-owned datacentre location (FY25),site,Malmo datacentre,SE,FY25,withdrawal,1.0,ML,1000000.0,exact,Excludes commissioning and locations collectively <1% of owned-datacentre withdrawal/electricity; Section 2 detail; not part of the assured Section 1 metrics.,microsoft_2026_environmental_data_factsheet,https://cdn-dynmedia-1.microsoft.com/is/content/microsoftcorp/microsoft/final/en-us/microsoft-brand/documents/2026-Environmental-Data-Fact-Sheet.pdf,2026
Microsoft,Microsoft-owned datacentre location (FY25),site,Manassas (VA) datacentre,US,FY25,withdrawal,11.0,ML,11000000.0,exact,Excludes commissioning and locations collectively <1% of owned-datacentre withdrawal/electricity; Section 2 detail; not part of the assured Section 1 metrics.,microsoft_2026_environmental_data_factsheet,https://cdn-dynmedia-1.microsoft.com/is/content/microsoftcorp/microsoft/final/en-us/microsoft-brand/documents/2026-Environmental-Data-Fact-Sheet.pdf,2026
Microsoft,Microsoft-owned datacentre location (FY25),site,Melbourne datacentre,AU,FY25,withdrawal,9.0,ML,9000000.0,exact,Excludes commissioning and locations collectively <1% of owned-datacentre withdrawal/electricity; Section 2 detail; not part of the assured Section 1 metrics.,microsoft_2026_environmental_data_factsheet,https://cdn-dynmedia-1.microsoft.com/is/content/microsoftcorp/microsoft/final/en-us/microsoft-brand/documents/2026-Environmental-Data-Fact-Sheet.pdf,2026
Microsoft,Microsoft-owned datacentre location (FY25),site,Milan datacentre,IT,FY25,withdrawal,6.0,ML,6000000.0,exact,Excludes commissioning and locations collectively <1% of owned-datacentre withdrawal/electricity; Section 2 detail; not part of the assured Section 1 metrics.,microsoft_2026_environmental_data_factsheet,https://cdn-dynmedia-1.microsoft.com/is/content/microsoftcorp/microsoft/final/en-us/microsoft-brand/documents/2026-Environmental-Data-Fact-Sheet.pdf,2026
Microsoft,Microsoft corporate operations by region,region,North America,,FY20,withdrawal,4596.0,ML,4596000000.0,exact,Section 2 detail; not part of the assured Section 1 metrics.,microsoft_2026_environmental_data_factsheet,https://cdn-dynmedia-1.microsoft.com/is/content/microsoftcorp/microsoft/final/en-us/microsoft-brand/documents/2026-Environmental-Data-Fact-Sheet.pdf,2026
Microsoft,Microsoft corporate operations by region,region,North America,,FY20,consumption,2775.0,ML,2775000000.0,exact,Section 2 detail; not part of the assured Section 1 metrics.,microsoft_2026_environmental_data_factsheet,https://cdn-dynmedia-1.microsoft.com/is/content/microsoftcorp/microsoft/final/en-us/microsoft-brand/documents/2026-Environmental-Data-Fact-Sheet.pdf,2026
Microsoft,Microsoft corporate operations by region,region,North America,,FY20,discharge,1821.0,ML,1821000000.0,exact,Section 2 detail; not part of the assured Section 1 metrics.,microsoft_2026_environmental_data_factsheet,https://cdn-dynmedia-1.microsoft.com/is/content/microsoftcorp/microsoft/final/en-us/microsoft-brand/documents/2026-Environmental-Data-Fact-Sheet.pdf,2026
Microsoft,Microsoft corporate operations by region,region,North America,,FY21,withdrawal,5173.0,ML,5173000000.0,exact,Section 2 detail; not part of the assured Section 1 metrics.,microsoft_2026_environmental_data_factsheet,https://cdn-dynmedia-1.microsoft.com/is/content/microsoftcorp/microsoft/final/en-us/microsoft-brand/documents/2026-Environmental-Data-Fact-Sheet.pdf,2026
Microsoft,Microsoft corporate operations by region,region,North America,,FY21,consumption,3304.0,ML,3304000000.0,exact,Section 2 detail; not part of the assured Section 1 metrics.,microsoft_2026_environmental_data_factsheet,https://cdn-dynmedia-1.microsoft.com/is/content/microsoftcorp/microsoft/final/en-us/microsoft-brand/documents/2026-Environmental-Data-Fact-Sheet.pdf,2026
Microsoft,Microsoft corporate operations by region,region,North America,,FY21,discharge,1869.0,ML,1869000000.0,exact,Section 2 detail; not part of the assured Section 1 metrics.,microsoft_2026_environmental_data_factsheet,https://cdn-dynmedia-1.microsoft.com/is/content/microsoftcorp/microsoft/final/en-us/microsoft-brand/documents/2026-Environmental-Data-Fact-Sheet.pdf,2026
Microsoft,Microsoft corporate operations by region,region,North America,,FY22,withdrawal,5145.0,ML,5145000000.0,exact,Section 2 detail; not part of the assured Section 1 metrics.,microsoft_2026_environmental_data_factsheet,https://cdn-dynmedia-1.microsoft.com/is/content/microsoftcorp/microsoft/final/en-us/microsoft-brand/documents/2026-Environmental-Data-Fact-Sheet.pdf,2026
Microsoft,Microsoft corporate operations by region,region,North America,,FY22,consumption,3207.0,ML,3207000000.0,exact,Section 2 detail; not part of the assured Section 1 metrics.,microsoft_2026_environmental_data_factsheet,https://cdn-dynmedia-1.microsoft.com/is/content/microsoftcorp/microsoft/final/en-us/microsoft-brand/documents/2026-Environmental-Data-Fact-Sheet.pdf,2026
Microsoft,Microsoft corporate operations by region,region,North America,,FY22,discharge,1938.0,ML,1938000000.0,exact,Section 2 detail; not part of the assured Section 1 metrics.,microsoft_2026_environmental_data_factsheet,https://cdn-dynmedia-1.microsoft.com/is/content/microsoftcorp/microsoft/final/en-us/microsoft-brand/documents/2026-Environmental-Data-Fact-Sheet.pdf,2026
Microsoft,Microsoft corporate operations by region,region,North America,,FY23,withdrawal,5584.0,ML,5584000000.0,exact,Section 2 detail; not part of the assured Section 1 metrics.,microsoft_2026_environmental_data_factsheet,https://cdn-dynmedia-1.microsoft.com/is/content/microsoftcorp/microsoft/final/en-us/microsoft-brand/documents/2026-Environmental-Data-Fact-Sheet.pdf,2026
Microsoft,Microsoft corporate operations by region,region,North America,,FY23,consumption,3318.0,ML,3318000000.0,exact,Section 2 detail; not part of the assured Section 1 metrics.,microsoft_2026_environmental_data_factsheet,https://cdn-dynmedia-1.microsoft.com/is/content/microsoftcorp/microsoft/final/en-us/microsoft-brand/documents/2026-Environmental-Data-Fact-Sheet.pdf,2026
Microsoft,Microsoft corporate operations by region,region,North America,,FY23,discharge,2266.0,ML,2266000000.0,exact,Section 2 detail; not part of the assured Section 1 metrics.,microsoft_2026_environmental_data_factsheet,https://cdn-dynmedia-1.microsoft.com/is/content/microsoftcorp/microsoft/final/en-us/microsoft-brand/documents/2026-Environmental-Data-Fact-Sheet.pdf,2026
Microsoft,Microsoft corporate operations by region,region,North America,,FY24,withdrawal,7002.0,ML,7002000000.0,exact,Section 2 detail; not part of the assured Section 1 metrics.,microsoft_2026_environmental_data_factsheet,https://cdn-dynmedia-1.microsoft.com/is/content/microsoftcorp/microsoft/final/en-us/microsoft-brand/documents/2026-Environmental-Data-Fact-Sheet.pdf,2026
Microsoft,Microsoft corporate operations by region,region,North America,,FY24,consumption,4023.0,ML,4023000000.0,exact,Section 2 detail; not part of the assured Section 1 metrics.,microsoft_2026_environmental_data_factsheet,https://cdn-dynmedia-1.microsoft.com/is/content/microsoftcorp/microsoft/final/en-us/microsoft-brand/documents/2026-Environmental-Data-Fact-Sheet.pdf,2026
Microsoft,Microsoft corporate operations by region,region,North America,,FY24,discharge,2979.0,ML,2979000000.0,exact,Section 2 detail; not part of the assured Section 1 metrics.,microsoft_2026_environmental_data_factsheet,https://cdn-dynmedia-1.microsoft.com/is/content/microsoftcorp/microsoft/final/en-us/microsoft-brand/documents/2026-Environmental-Data-Fact-Sheet.pdf,2026
Microsoft,Microsoft corporate operations by region,region,North America,,FY25,withdrawal,7366.0,ML,7366000000.0,exact,Section 2 detail; not part of the assured Section 1 metrics.,microsoft_2026_environmental_data_factsheet,https://cdn-dynmedia-1.microsoft.com/is/content/microsoftcorp/microsoft/final/en-us/microsoft-brand/documents/2026-Environmental-Data-Fact-Sheet.pdf,2026
Microsoft,Microsoft corporate operations by region,region,North America,,FY25,consumption,4619.0,ML,4619000000.0,exact,Section 2 detail; not part of the assured Section 1 metrics.,microsoft_2026_environmental_data_factsheet,https://cdn-dynmedia-1.microsoft.com/is/content/microsoftcorp/microsoft/final/en-us/microsoft-brand/documents/2026-Environmental-Data-Fact-Sheet.pdf,2026
Microsoft,Microsoft corporate operations by region,region,North America,,FY25,discharge,2747.0,ML,2747000000.0,exact,Section 2 detail; not part of the assured Section 1 metrics.,microsoft_2026_environmental_data_factsheet,https://cdn-dynmedia-1.microsoft.com/is/content/microsoftcorp/microsoft/final/en-us/microsoft-brand/documents/2026-Environmental-Data-Fact-Sheet.pdf,2026
Microsoft,Microsoft-owned datacentre location (FY25),site,Phoenix (AZ) datacentre,US,FY25,withdrawal,981.0,ML,981000000.0,exact,Excludes commissioning and locations collectively <1% of owned-datacentre withdrawal/electricity; Section 2 detail; not part of the assured Section 1 metrics.,microsoft_2026_environmental_data_factsheet,https://cdn-dynmedia-1.microsoft.com/is/content/microsoftcorp/microsoft/final/en-us/microsoft-brand/documents/2026-Environmental-Data-Fact-Sheet.pdf,2026
Microsoft,Microsoft-owned datacentre location (FY25),site,Queretaro datacentre,MX,FY25,withdrawal,19.0,ML,19000000.0,exact,Excludes commissioning and locations collectively <1% of owned-datacentre withdrawal/electricity; Section 2 detail; not part of the assured Section 1 metrics.,microsoft_2026_environmental_data_factsheet,https://cdn-dynmedia-1.microsoft.com/is/content/microsoftcorp/microsoft/final/en-us/microsoft-brand/documents/2026-Environmental-Data-Fact-Sheet.pdf,2026
Microsoft,Microsoft-owned datacentre location (FY25),site,Quincy (WA) datacentre,US,FY25,withdrawal,1292.0,ML,1292000000.0,exact,Excludes commissioning and locations collectively <1% of owned-datacentre withdrawal/electricity; Section 2 detail; not part of the assured Section 1 metrics.,microsoft_2026_environmental_data_factsheet,https://cdn-dynmedia-1.microsoft.com/is/content/microsoftcorp/microsoft/final/en-us/microsoft-brand/documents/2026-Environmental-Data-Fact-Sheet.pdf,2026
Microsoft,Microsoft-owned datacentre location (FY25),site,San Antonio (TX) datacentre,US,FY25,withdrawal,420.0,ML,420000000.0,exact,Excludes commissioning and locations collectively <1% of owned-datacentre withdrawal/electricity; Section 2 detail; not part of the assured Section 1 metrics.,microsoft_2026_environmental_data_factsheet,https://cdn-dynmedia-1.microsoft.com/is/content/microsoftcorp/microsoft/final/en-us/microsoft-brand/documents/2026-Environmental-Data-Fact-Sheet.pdf,2026
Microsoft,Microsoft-owned datacentre location (FY25),site,Singapore datacentre,SG,FY25,withdrawal,423.0,ML,423000000.0,exact,Excludes commissioning and locations collectively <1% of owned-datacentre withdrawal/electricity; Section 2 detail; not part of the assured Section 1 metrics.,microsoft_2026_environmental_data_factsheet,https://cdn-dynmedia-1.microsoft.com/is/content/microsoftcorp/microsoft/final/en-us/microsoft-brand/documents/2026-Environmental-Data-Fact-Sheet.pdf,2026
Microsoft,Microsoft-owned datacentre location (FY25),site,Sydney datacentre,AU,FY25,withdrawal,8.0,ML,8000000.0,exact,Excludes commissioning and locations collectively <1% of owned-datacentre withdrawal/electricity; Section 2 detail; not part of the assured Section 1 metrics.,microsoft_2026_environmental_data_factsheet,https://cdn-dynmedia-1.microsoft.com/is/content/microsoftcorp/microsoft/final/en-us/microsoft-brand/documents/2026-Environmental-Data-Fact-Sheet.pdf,2026
Microsoft,Microsoft-owned datacentre location (FY25),site,Taipei datacentre,TW,FY25,withdrawal,4.0,ML,4000000.0,exact,Excludes commissioning and locations collectively <1% of owned-datacentre withdrawal/electricity; Section 2 detail; not part of the assured Section 1 metrics.,microsoft_2026_environmental_data_factsheet,https://cdn-dynmedia-1.microsoft.com/is/content/microsoftcorp/microsoft/final/en-us/microsoft-brand/documents/2026-Environmental-Data-Fact-Sheet.pdf,2026
Microsoft,Microsoft-owned datacentre location (FY25),site,Vienna datacentre,AT,FY25,withdrawal,4.0,ML,4000000.0,exact,Excludes commissioning and locations collectively <1% of owned-datacentre withdrawal/electricity; Section 2 detail; not part of the assured Section 1 metrics.,microsoft_2026_environmental_data_factsheet,https://cdn-dynmedia-1.microsoft.com/is/content/microsoftcorp/microsoft/final/en-us/microsoft-brand/documents/2026-Environmental-Data-Fact-Sheet.pdf,2026
Microsoft,Microsoft-owned datacentre location (FY25),site,Warsaw datacentre,PL,FY25,withdrawal,2.0,ML,2000000.0,exact,Excludes commissioning and locations collectively <1% of owned-datacentre withdrawal/electricity; Section 2 detail; not part of the assured Section 1 metrics.,microsoft_2026_environmental_data_factsheet,https://cdn-dynmedia-1.microsoft.com/is/content/microsoftcorp/microsoft/final/en-us/microsoft-brand/documents/2026-Environmental-Data-Fact-Sheet.pdf,2026
